Name,City,Specialization,Hospital,description 
Prof. Dr. Syed Shamsuddin,QUETTA,Dermatologist,"National Hospital, Near Quetta Laboratory Prince Road, Quetta",Dermatologist
Dr. Jaffar Ali,QUETTA,Dermatologist,"Quetta Hospital, Quetta City, Quetta",Dermatologist
Asst. Prof. Dr. Syed Bilal Shams,QUETTA,"Dermatologist, Cosmetic Surgeon","Skin Center Dermatologist Dr. Syed Bilal Ahmed Shams Clinic, Quetta City, Quetta","Dermatologist, Cosmetic Surgeon"
Asst. Prof. Dr. Surjeet Kumar,QUETTA,Dermatologist,"Doctors Hospital, Quetta City, Quetta",Dermatologist
Dr. Palwasha Jalil,QUETTA,Dermatologist,"Aria Institute Of Medical And Health Sciences, Quetta City, Quetta",Dermatologist
Dr. Faiza Gul,QUETTA,Dermatologist,"Heart And General Hospital, Model Town, Quetta",Dermatologist
Dr. Obed Ullah,QUETTA,Dermatologist,"City International Hospital, Zarghon Road, Quetta",Dermatologist
Dr. Saifullah Kakar,QUETTA,Dermatologist,"City International Hospital, Zarghon Road, Quetta",Dermatologist
Dr. Mushtaq Ahmed,QUETTA,"Dermatologist, Dermatologist, Allergy Specialist","Saleem Medical Complex Hospital, Quetta City, Quetta","Dermatologist, Dermatologist, Allergy Specialist"
Dr. Shakil Ashraf,QUETTA,Dermatologist,"Hammad Skin Laser and Hair transplant Clinic, Quetta, Quetta",Dermatologist
Dr. Faisal Baloch,QUETTA,"General Physician, Dermatologist, Aesthetic Physician","International Medical Center, Quetta City, Quetta","General Physician, Dermatologist, Aesthetic Physician"
Asst. Prof. Dr. Seemab Khan,QUETTA,Dermatologist,"Fc Hospital, Cantt, Quetta",Dermatologist
Prof. Dr. Muhammad Saleem Barech,QUETTA,Neurologist,"Akram Hospital, Quetta City, Quetta",Neurologist
Dr. Anjum Farooq,QUETTA,Neurologist,"Mid Town Hospital, purana pashin adda, Quetta",Neurologist
Assoc. Prof. Dr. Zainullah Khan Kakar,QUETTA,"Neuro Psychiatrist, Psychiatrist, Neurologist","Sajid Hospital, Quetta City, Quetta","Neuro Psychiatrist, Psychiatrist, Neurologist"
Asst. Prof. Dr. Muhammad Ilyas,QUETTA,"Neuro Psychiatrist, Psychiatrist, Neurologist","Aria Institute Of Medical And Health Sciences, Quetta City, Quetta","Neuro Psychiatrist, Psychiatrist, Neurologist"
Dr. Ahmed Wali,QUETTA,Neurologist,"Aria Institute Of Medical And Health Sciences, Quetta City, Quetta",Neurologist
Dr. Ihsan Ul Haq Zarkoon,QUETTA,Neurologist,"City International Hospital, Zarghon Road, Quetta",Neurologist
Prof. Dr. Noor Ahmed Khosa,QUETTA,Neurologist,"Saleem Medical Complex Hospital, Quetta City, Quetta",Neurologist
Dr. Naveed Javed,QUETTA,"Psychiatrist, Neurologist","National Diagnostic Center., Suraj Miani Road, Multan","Psychiatrist, Neurologist"
Dr. Jahanzeb Kakar,QUETTA,"Neuro Surgeon, Neurologist","Akram Hospital, Quetta City, Quetta","Neuro Surgeon, Neurologist"
Asst. Prof. Dr. Alamzeb Khan,QUETTA,"Neuro Surgeon, Neurologist","City International Hospital, Zarghon Road, Quetta","Neuro Surgeon, Neurologist"
Dr. Ainullah,QUETTA,Neurologist,"Rahman Medical Center, Jinnah Road Quetta, Quetta",Neurologist
Dr. Nasrullah Langove,QUETTA,"Neuro Surgeon, Neurologist","Gillani Hopsital, Satellite Town, Quetta","Neuro Surgeon, Neurologist"
Prof. Dr. Aisha Siddiqa,QUETTA,Gynecologist,"Saleem Medical Complex Hospital, Quetta City, Quetta",Gynecologist
Prof. Dr. Uzma Sohail,QUETTA,"Gynecologist, Gynecologist","Akram Hospital, Quetta City, Quetta","Gynecologist, Gynecologist"
Prof. Dr. Rohana Salam,QUETTA,Gynecologist,"City International Hospital, Zarghon Road, Quetta",Gynecologist
Prof. Dr. Najma Ghaffar,QUETTA,"Gynecologist, Radiologist","Dng Hospital, Quetta City, Quetta","Gynecologist, Radiologist"
Dr. Zaib Un Nisa Jogazai,QUETTA,Gynecologist,"Al Shafa Hospital, Quetta City, Quetta",Gynecologist
Dr. Rukhsana,QUETTA,Gynecologist,"City International Hospital, Zarghon Road, Quetta",Gynecologist
Dr. Nabila Naz,QUETTA,Gynecologist,"Rahat Medical Complex, Quetta City, Quetta",Gynecologist
Dr. Rizwana Naz,QUETTA,Gynecologist,"Heart And General Hospital, Model Town, Quetta",Gynecologist
Dr. Kalsoom Noor,QUETTA,Gynecologist,"Yaseen Hospital, Quetta City, Quetta",Gynecologist
Dr. Bareera Sadaf,QUETTA,Gynecologist,"Doctors Hospital, Quetta City, Quetta",Gynecologist
Dr. Salma Khudaidad,QUETTA,Gynecologist,"Saleem Medical Complex Hospital, Quetta City, Quetta",Gynecologist
Dr. Zargai Kakar,QUETTA,Gynecologist,"Gillani Hopsital, Satellite Town, Quetta",Gynecologist
Dr. Naimat Ullah Tareen,QUETTA,"Urologist, Sexologist","City International Hospital, Zarghon Road, Quetta","Urologist, Sexologist"
Dr. Asad Tareen,QUETTA,Urologist,"Sultan Tareen Health Care &amp; Transplant Institute, Zarghun Road, Quetta",Urologist
Asst. Prof. Dr. Hayat Kakar,QUETTA,Urologist,"Rahat Medical Complex, Quetta City, Quetta",Urologist
Asst. Prof. Dr. Shoukat Ali,QUETTA,Urologist,"Yaseen Hospital, Quetta City, Quetta",Urologist
Dr. Ahmed Ullah,QUETTA,Urologist,"National Hospital, Near Quetta Laboratory Prince Road, Quetta",Urologist
Dr. Rashid Ali Baloch,QUETTA,"Endourologist, Urologist","Al-Khair Medical Complex Hospital, Quetta City, Quetta","Endourologist, Urologist"
Dr. Hafeez Ullah,QUETTA,Urologist,"Jilani Hospital, Satellite Town, Quetta",Urologist
Dr. Muhammad Anwar Jan,QUETTA,Urologist,"Al Qadir Hospital, Quetta City, Quetta",Urologist
Assoc. Prof. Dr. Masha Khan,QUETTA,Urologist,"Akram Hospital, Quetta City, Quetta",Urologist
Asst. Prof. Dr. Muhammad Musa Kakar,QUETTA,Urologist,"Rahat Medical Complex, Quetta City, Quetta",Urologist
Dr. Hidayatullah Mandokhail,QUETTA,Urologist,"Jilani Hospital, Satellite Town, Quetta",Urologist
Dr. Jamil Kakar,QUETTA,Urologist,"Heart And General Hospital, Model Town, Quetta",Urologist
Asst. Prof. Dr. M Hussain Baloch,QUETTA,Gastroenterologist,"Gillani Hopsital, Satellite Town, Quetta",Gastroenterologist
Dr. Muhammad Farooq Zarkoon,QUETTA,Gastroenterologist,"City International Hospital, Zarghon Road, Quetta",Gastroenterologist
Dr. Essa Khan Achakzai,QUETTA,Gastroenterologist,"City International Hospital, Zarghon Road, Quetta",Gastroenterologist
Dr. Niaz Muhammad,QUETTA,Gastroenterologist,"Saleem Medical Complex Hospital, Quetta City, Quetta",Gastroenterologist
Dr. Khalid Tareen,QUETTA,Gastroenterologist,"Mid East Hospital, Zarghon Road, Quetta",Gastroenterologist
Dr. Muhammad Naseer,QUETTA,Gastroenterologist,"Akram Hospital, Quetta City, Quetta",Gastroenterologist
Assoc. Prof. Dr. Muhammad Usman Tareen,QUETTA,Gastroenterologist,"Doctors Hospital, Quetta City, Quetta",Gastroenterologist
Dr. Masood Tareen,QUETTA,Gastroenterologist,"Yaseen Hospital, Quetta City, Quetta",Gastroenterologist
Dr. Ameer Bakhsh Langove,QUETTA,Gastroenterologist,"City International Hospital, Zarghon Road, Quetta",Gastroenterologist
Dr. Abdul Latif,QUETTA,Gastroenterologist,"Doctors Hospital, Quetta City, Quetta",Gastroenterologist
Dr. Inayatullah Khan Kakar,QUETTA,"Gastroenterologist, Hepatologist","Yaseen Hospital, Quetta City, Quetta","Gastroenterologist, Hepatologist"
Dr. Inam Ullah Khan,QUETTA,"Gastroenterologist, Hepatologist","Rahat Medical Complex, Quetta City, Quetta","Gastroenterologist, Hepatologist"
Asst. Prof. Dr. Nasir Azim Kakar,QUETTA,"Pulmonologist / Lung Specialist, Internal Medicine Specialist","Doctors Hospital, Quetta City, Quetta","Pulmonologist / Lung Specialist, Internal Medicine Specialist"
Asst. Prof. Dr. Tahir Khan,QUETTA,"Pulmonologist / Lung Specialist, General Physician, Allergy Specialist","Yaseen Hospital, Quetta City, Quetta","Pulmonologist / Lung Specialist, General Physician, Allergy Specialist"
Dr. Ishfaq Ahmed,QUETTA,Pulmonologist / Lung Specialist,"City International Hospital, Zarghon Road, Quetta",Pulmonologist / Lung Specialist
Dr. Sohail Mushtaq,QUETTA,Pulmonologist / Lung Specialist,"Shoaib Medical Store, Baldia Town, Quetta",Pulmonologist / Lung Specialist
Asst. Prof. Dr. Abdul Baqi Achakzai,QUETTA,Pulmonologist / Lung Specialist,"Jilani Hospital, Satellite Town, Quetta",Pulmonologist / Lung Specialist
Asst. Prof. Dr. Syed Aman Ullah Shah,QUETTA,Pulmonologist / Lung Specialist,"Sultan Tareen Health Care &amp; Transplant Institute, Zarghun Road, Quetta",Pulmonologist / Lung Specialist
Dr. Ali Ahmed Reki,QUETTA,Pulmonologist / Lung Specialist,"Saleem Medical Complex Hospital, Quetta City, Quetta",Pulmonologist / Lung Specialist
Dr. Muhammad Yaseen,QUETTA,Pulmonologist / Lung Specialist,"Gillani Hopsital, Satellite Town, Quetta",Pulmonologist / Lung Specialist
Dr. Iftikhar Ali Kakar,QUETTA,Pulmonologist / Lung Specialist,"Fc Hospital, Cantt, Quetta",Pulmonologist / Lung Specialist
Dr. Abdul Haseeb Kakar,QUETTA,Pulmonologist / Lung Specialist,"Al Qadir Hospital, Quetta City, Quetta",Pulmonologist / Lung Specialist
Dr. Maqsood Ahmed,QUETTA,Pulmonologist / Lung Specialist,"Al Shafi Hospital, Quetta City, Quetta",Pulmonologist / Lung Specialist
Dr. Raheemuddin,QUETTA,"Pulmonologist / Lung Specialist, Allergy Specialist","Sangeen Khan Hospital, Killi Shaboo, Quetta","Pulmonologist / Lung Specialist, Allergy Specialist"
Dr. Attiq Ur Rehman,QUETTA,"Orthopedic Surgeon, Spinal Surgeon","City International Hospital, Zarghon Road, Quetta","Orthopedic Surgeon, Spinal Surgeon"
Assoc. Prof. Dr. Lal Muhammad Khan Kakar,QUETTA,"Orthopedic Surgeon, Spinal Surgeon","National Hospital, Near Quetta Laboratory Prince Road, Quetta","Orthopedic Surgeon, Spinal Surgeon"
Asst. Prof. Dr. Ahmed Abdul Habib,QUETTA,Orthopedic Surgeon,"Aria Institute Of Medical And Health Sciences, Quetta City, Quetta",Orthopedic Surgeon
Dr. Ahmer Ali,QUETTA,Orthopedic Surgeon,"Al Shafi Hospital, Quetta City, Quetta",Orthopedic Surgeon
Dr. Muhammad Saleem Qureshi,QUETTA,Orthopedic Surgeon,"Rehan Hospital, Quetta City, Quetta",Orthopedic Surgeon
Asst. Prof. Dr. Muhammad Tariq Hasni,QUETTA,Orthopedic Surgeon,"Sultan Tareen Health Care &amp; Transplant Institute, Zarghun Road, Quetta",Orthopedic Surgeon
Asst. Prof. Dr. Mohammad Aslam Mengal,QUETTA,"Orthopedic Surgeon, Orthopedic Surgeon, Pediatric Orthopedic Surgeon","Tariq Hospital, Saryab Road, Quetta","Orthopedic Surgeon, Orthopedic Surgeon, Pediatric Orthopedic Surgeon"
Dr. Shams Ullah,QUETTA,Orthopedic Surgeon,"Doctors medical camplex, Power House, Chaman",Orthopedic Surgeon
Prof. Dr. Eid Muhammad Mandokhail,QUETTA,"Orthopedic Surgeon, Pain Specialist","Sangeen Khan Hospital, Killi Shaboo, Quetta","Orthopedic Surgeon, Pain Specialist"
Asst. Prof. Dr. K B Umrani,QUETTA,"Orthopedic Surgeon, Orthopedic Surgeon","Nusrat Riaz Hospital, Satellite Town, Quetta","Orthopedic Surgeon, Orthopedic Surgeon"
Asst. Prof. Dr. Muhammad Humayun Hameed,QUETTA,"Orthopedic Surgeon, Pain Specialist","Mid Town Hospital, purana pashin adda, Quetta","Orthopedic Surgeon, Pain Specialist"
Asst. Prof. Dr. Jamil Ahmed Zehri,QUETTA,"Orthopedic Surgeon, Pediatric Orthopedic Surgeon, Spinal Surgeon","Heart And General Hospital, Model Town, Quetta","Orthopedic Surgeon, Pediatric Orthopedic Surgeon, Spinal Surgeon"
Dr. Rizwan Riaz,QUETTA,Pediatrician,"Al Noor Clinic, Toghi Road, Quetta",Pediatrician
Dr. Muhammad Hussain,QUETTA,"Pediatrician, Neonatologist","Doctors Hospital, Quetta City, Quetta","Pediatrician, Neonatologist"
Dr. Mohammad Yousaf Kakar,QUETTA,Pediatrician,"City International Hospital, Zarghon Road, Quetta",Pediatrician
Assoc. Prof. Dr. Muhammad Tahir Zehri,QUETTA,"Pediatrician, Neonatologist","Heart And General Hospital, Model Town, Quetta","Pediatrician, Neonatologist"
Asst. Prof. Dr. Shamsuddin Kakar,QUETTA,Pediatrician,"Akram Hospital, Quetta City, Quetta",Pediatrician
Dr. Ghulam Jelani,QUETTA,Pediatrician,No Address Available,Pediatrician
Dr. Sharaf Ud Din Achakzai,QUETTA,Pediatrician,"Al Sudais Medical Store Hospital, Quetta City, Quetta",Pediatrician
Dr. Paras Shahzad,QUETTA,Pediatrician,"Nagi Children Hospital, Patel Bagh, Quetta",Pediatrician
Dr. Muhammad Ameer,QUETTA,Pediatrician,"Farhah Medical Centre, Quetta City, Quetta",Pediatrician
Dr. Shaukat Ali,QUETTA,Pediatrician,"Health Care and Medical Center, Pir Muhammad Colony, Quetta",Pediatrician
Dr. Hashmat Ullah,QUETTA,Pediatrician,No Address Available,Pediatrician
Dr. Ameer Ali,QUETTA,Pediatrician,No Address Available,Pediatrician
Assoc. Prof. Dr. Suresh Kumar,QUETTA,"Endocrinologist, General Physician, Internal Medicine Specialist","Gillani Hopsital, Satellite Town, Quetta","Endocrinologist, General Physician, Internal Medicine Specialist"
Prof. Dr. Muhammad Nadir Khan,QUETTA,"General Physician, Psychiatrist, Internal Medicine Specialist, Rheumatologist, Diabetologist","Saleem Medical Complex Hospital, Quetta City, Quetta","General Physician, Psychiatrist, Internal Medicine Specialist, Rheumatologist, Diabetologist"
Dr. Muhammad Muddasser Khan Panezai,QUETTA,"Rheumatologist, General Physician, Pain Specialist","Heart And General Hospital, Model Town, Quetta","Rheumatologist, General Physician, Pain Specialist"
Dr. Abdul Aziz,QUETTA,"Endocrinologist, General Physician, Diabetologist","Yaseen Hospital, Quetta City, Quetta","Endocrinologist, General Physician, Diabetologist"
Dr. Sandeep Kumar,QUETTA,"General Physician, Internal Medicine Specialist, Allergy Specialist, Diabetologist","Al Shafa Hospital, Quetta City, Quetta","General Physician, Internal Medicine Specialist, Allergy Specialist, Diabetologist"
Asst. Prof. Dr. Sirajuddin Barech,QUETTA,"General Physician, Internal Medicine Specialist, Infectious Diseases","Dr Ziauddin Hospital Outreach Medical Center, Patel Road, Quetta","General Physician, Internal Medicine Specialist, Infectious Diseases"
Dr. Habib Ullah Mengal,QUETTA,"General Physician, Internal Medicine Specialist, Infectious Diseases, Pain Specialist, Diabetologist","Sajid Hospital, Quetta City, Quetta","General Physician, Internal Medicine Specialist, Infectious Diseases, Pain Specialist, Diabetologist"
Asst. Prof. Dr. Muhammad Arif Khan,QUETTA,"Internal Medicine Specialist, General Physician, Infectious Diseases","National Hospital, Near Quetta Laboratory Prince Road, Quetta","Internal Medicine Specialist, General Physician, Infectious Diseases"
Asst. Prof. Dr. Tahir Khan,QUETTA,"Pulmonologist / Lung Specialist, General Physician, Allergy Specialist","Yaseen Hospital, Quetta City, Quetta","Pulmonologist / Lung Specialist, General Physician, Allergy Specialist"
Prof. Dr. Zafrullah Khan,QUETTA,"Endocrinologist, General Physician","Rahat Medical Complex, Quetta City, Quetta","Endocrinologist, General Physician"
Dr. Shair Zaman Kakar,QUETTA,"Endocrinologist, General Physician, Internal Medicine Specialist, Diabetologist",No Address Available,"Endocrinologist, General Physician, Internal Medicine Specialist, Diabetologist"
Dr. Rahmat Ullah,QUETTA,"Endocrinologist, General Physician, Diabetologist","City International Hospital, Zarghon Road, Quetta","Endocrinologist, General Physician, Diabetologist"
Dr. Muhammad Sadiq Kakar,QUETTA,Nephrologist,"Aria Institute Of Medical And Health Sciences, Quetta City, Quetta",Nephrologist
Asst. Prof. Dr. Syed Mohkum Ud Din,QUETTA,Nephrologist,"Yaseen Hospital, Quetta City, Quetta",Nephrologist
Assoc. Prof. Dr. Syed Liaqat Agha,QUETTA,Nephrologist,"Gillani Hopsital, Satellite Town, Quetta",Nephrologist
Dr. Abdul Malik,QUETTA,Nephrologist,"Time Pharma Saleem Medical Complex, Quetta City, Quetta",Nephrologist
Dr. Naimat Ullah Tareen,QUETTA,"Urologist, Sexologist","City International Hospital, Zarghon Road, Quetta","Urologist, Sexologist"
Dr. Azimullah Asif Goraya,QUETTA,Sexologist,"Dr Azimullah Clinic, G-9, Islamabad",Sexologist
Asst. Prof. Dr. Ikram Ullah Khan,QUETTA,"Ent Surgeon, Ent Specialist","Al Shafi Hospital, Quetta City, Quetta","Ent Surgeon, Ent Specialist"
Dr. Arfat Jawaid,QUETTA,"Ent Surgeon, Ent Specialist","Fc Hospital, Cantt, Quetta","Ent Surgeon, Ent Specialist"
Asst. Prof. Dr. Abdul Bari Kakar,QUETTA,"Eye Surgeon, Eye Specialist","City International Hospital, Zarghon Road, Quetta","Eye Surgeon, Eye Specialist"
Asst. Prof. Dr. Saif Ullah Tareen,QUETTA,"Eye Surgeon, Eye Specialist","Saleem Medical Complex Hospital, Quetta City, Quetta","Eye Surgeon, Eye Specialist"
Dr. Saifullah Nasar,QUETTA,Eye Surgeon,"Saleem Medical Complex Hospital, Quetta City, Quetta",Eye Surgeon
Dr. Muhammad Akram Shahwani,QUETTA,"Eye Surgeon, Eye Specialist","Jilani Hospital, Satellite Town, Quetta","Eye Surgeon, Eye Specialist"
Asst. Prof. Dr. Abdul Samad Panezai,QUETTA,Neuro Surgeon,"Rahat Medical Complex, Quetta City, Quetta",Neuro Surgeon
Dr. Jahanzeb Kakar,QUETTA,"Neuro Surgeon, Neurologist","Akram Hospital, Quetta City, Quetta","Neuro Surgeon, Neurologist"
Asst. Prof. Dr. Alamzeb Khan,QUETTA,"Neuro Surgeon, Neurologist","City International Hospital, Zarghon Road, Quetta","Neuro Surgeon, Neurologist"
Dr. Nasrullah Langove,QUETTA,"Neuro Surgeon, Neurologist","Gillani Hopsital, Satellite Town, Quetta","Neuro Surgeon, Neurologist"
Dr. Muhammad Shoaib Kibzai,QUETTA,"Neuro Surgeon, Neurologist","Sultan Tareen Health Care &amp; Transplant Institute, Zarghun Road, Quetta","Neuro Surgeon, Neurologist"
Assoc. Prof. Dr. Sarfraz Ahmed,QUETTA,Neuro Surgeon,"Saleem Medical Complex Hospital, Quetta City, Quetta",Neuro Surgeon
Asst. Prof. Dr. Mahmood Khan Kibzai,QUETTA,"Neuro Surgeon, Spinal Surgeon","Yaseen Hospital, Quetta City, Quetta","Neuro Surgeon, Spinal Surgeon"
Prof. Dr. Raz Muhammad Kakar,QUETTA,"Neuro Surgeon, Neurologist","Doctors Hospital, Quetta City, Quetta","Neuro Surgeon, Neurologist"
Asst. Prof. Dr. Tariq Mahmood Irshad,QUETTA,Neuro Surgeon,"Cmh Quetta Hospital, Cantt, Quetta",Neuro Surgeon
Asst. Prof. Dr. Noor Ahmed Mugheri,QUETTA,Neuro Surgeon,"Saleem Medical Complex Hospital, Quetta City, Quetta",Neuro Surgeon
Dr. Hafiz Muhammad Ahmad Shahzeb,ABBOTTABAD,Dermatologist,No Address Available,Dermatologist
Dr. Zahid Hassan,ABBOTTABAD,Neurologist,"IDC- ABBOTABAD, ground floor, Abbottabad",Neurologist
Dr. Ibrahim Awan,ABBOTTABAD,"Neonatologist, Neurologist",No Address Available,"Neonatologist, Neurologist"
Dr. Atifa Gilani,ABBOTTABAD,Neurologist,"Valley Medical Complex Hospital, Musa Zai Colony, Abbottabad",Neurologist
Dr. Ahsan Naveed,ABBOTTABAD,Neurologist,"Ahsan Naveed Clinic, Mandian, Abbottabad",Neurologist
Asst. Prof. Dr. Shandana Mustafa Jadoon,ABBOTTABAD,Gynecologist,"Al-Syed Hospital, Abbottabad, Abbottabad",Gynecologist
Asst. Prof. Dr. Maj R Asiya Yaqoob,ABBOTTABAD,Gynecologist,"Maj R Dr. Asiya Yaqoob Infertility Clinic, Abbottabad, Abbottabad",Gynecologist
Dr. Farah Khan,ABBOTTABAD,Gynecologist,"Zaitoon Medical Center, Near DHQ hospital, Abbottabad",Gynecologist
Dr. Yasmin Akhtar,ABBOTTABAD,Gynecologist,"IDC Abbot, , Manshera Road, Abbottabad, Abbottabad",Gynecologist
Dr. Sidra Fatima,ABBOTTABAD,Gynecologist,No Address Available,Gynecologist
Asst. Prof. Dr. Bushra Rashid,ABBOTTABAD,Gynecologist,"Shafiq Plaza (Doctors Plaza), Mandian, Abbottabad",Gynecologist
Prof. Dr. Zahida Perveen,ABBOTTABAD,Gynecologist,"Zahida Perveen Clinic, Al Mansoor Town, Abbottabad",Gynecologist
Prof. Dr. Rubina Bashir,ABBOTTABAD,Gynecologist,"Sami Medical Centre, Khyber Pakhtunkhwa, Abbottabad",Gynecologist
Dr. Nadia Khan Jawad,ABBOTTABAD,Gynecologist,"Allied Specialist Clinics, , Manshera Road, Abbottabad, Abbottabad",Gynecologist
Asst. Prof. Dr. Humaira Jadoon,ABBOTTABAD,Gynecologist,"Humaira Jadoon Clinic, Mandian, Abbottabad",Gynecologist
Dr. Ansa Islam,ABBOTTABAD,Gynecologist,"Ansa Islam Clinic, Mandian, Abbottabad",Gynecologist
Prof. Dr. Rahat-un-nisa,ABBOTTABAD,Gynecologist,"Awan Medical Centre, Mandian, Abbottabad",Gynecologist
Asst. Prof. Dr. Muhammad Shahzad,ABBOTTABAD,"Urologist, Sexologist, Andrologist","Shafiq Medical Centre, Abbottabad, Abbottabad","Urologist, Sexologist, Andrologist"
Asst. Prof. Dr. Nasir Jameel,ABBOTTABAD,Urologist,"Shafiq Medical Centre, Abbottabad, Abbottabad",Urologist
Prof. Dr. Syed Atta Ullah Shah Bukhari,ABBOTTABAD,Urologist,"Shafiq Medical Centre, Abbottabad, Abbottabad",Urologist
Prof. Dr. Raza Muhammad Khan,ABBOTTABAD,Urologist,"Awan Medical Centre, Mandian, Abbottabad",Urologist
Asst. Prof. Dr. Faheem Ul Haq,ABBOTTABAD,"Urologist, Andrologist, Sexologist","Kidney Care Center Abbottabad, , Manshera Road, Abbottabad, Abbottabad","Urologist, Andrologist, Sexologist"
Dr. Hafizullah Khan,ABBOTTABAD,Gastroenterologist,"Shafiq Plaza (Doctors Plaza), Mandian, Abbottabad",Gastroenterologist
Asst. Prof. Dr. Syeda Anam Noor Kazmi,ABBOTTABAD,Gastroenterologist,"Zaitoon Medical Center, Near DHQ hospital, Abbottabad",Gastroenterologist
Asst. Prof. Dr. Mati Ullah Khan,ABBOTTABAD,Gastroenterologist,"Mati Ullah Khan Clinic, Kehal, Abbottabad",Gastroenterologist
Asst. Prof. Dr. Mohammad Yasin,ABBOTTABAD,Pulmonologist / Lung Specialist,"Allied Specialist Clinics, , Manshera Road, Abbottabad, Abbottabad",Pulmonologist / Lung Specialist
Prof. Dr. Abdur Rab Khan,ABBOTTABAD,Pulmonologist / Lung Specialist,"Shafiq Medical Centre, Abbottabad, Abbottabad",Pulmonologist / Lung Specialist
Asst. Prof. Dr. Amir Suleman,ABBOTTABAD,Pulmonologist / Lung Specialist,"Shafiq Medical Centre, Abbottabad, Abbottabad",Pulmonologist / Lung Specialist
Asst. Prof. Dr. Muhammad Ali Usman,ABBOTTABAD,Orthopedic Surgeon,"Abbottabad International Medical Institute, N-35 Abbottabad, Khyber, Abbottabad",Orthopedic Surgeon
Asst. Prof. Dr. Muhammad Basharat,ABBOTTABAD,Orthopedic Surgeon,"Yahya Hospital Haripur, Abbottabad Rd, Haripur",Orthopedic Surgeon
Dr. Abdus Saboor Awan,ABBOTTABAD,Orthopedic Surgeon,No Address Available,Orthopedic Surgeon
Dr. Zia Ud Din Khan,ABBOTTABAD,Orthopedic Surgeon,No Address Available,Orthopedic Surgeon
Dr. Shahid Sultan,ABBOTTABAD,Orthopedic Surgeon,"Shafiq Medical Centre, Abbottabad, Abbottabad",Orthopedic Surgeon
Asst. Prof. Dr. Muhammad Usman,ABBOTTABAD,Orthopedic Surgeon,"Valley Medical Complex Hospital, Musa Zai Colony, Abbottabad",Orthopedic Surgeon
Asst. Prof. Dr. Azhar Azeem Khattak,ABBOTTABAD,Orthopedic Surgeon,"Shafiq Medical Centre, Abbottabad, Abbottabad",Orthopedic Surgeon
Dr. Nazir Ahmed,ABBOTTABAD,Orthopedic Surgeon,"Awan Medical Centre, Mandian, Abbottabad",Orthopedic Surgeon
Assoc. Prof. Dr. Naeem-ur-razzaq Durrani,ABBOTTABAD,Orthopedic Surgeon,"Awan Medical Centre, Mandian, Abbottabad",Orthopedic Surgeon
Asst. Prof. Dr. Adnan Anwer,ABBOTTABAD,Orthopedic Surgeon,"Cmh Abbottabad Hospital, Cantt, Abbottabad",Orthopedic Surgeon
Dr. Ammara Khalid,ABBOTTABAD,Pediatrician,No Address Available,Pediatrician
Dr. Najam Siddiqui,ABBOTTABAD,Pediatrician,"Allama Iqbal Hospital Haripur, Harbor, Haripur",Pediatrician
Dr. Amal Hasham,ABBOTTABAD,Pediatrician,No Address Available,Pediatrician
Dr. Khawaja Naveed Noor,ABBOTTABAD,Pediatrician,No Address Available,Pediatrician
Dr. Ifnan Shamraiz,ABBOTTABAD,Pediatrician,No Address Available,Pediatrician
Prof. Dr. Mumtaz Barki,ABBOTTABAD,Pediatrician,"Shafiq Medical Centre, Abbottabad, Abbottabad",Pediatrician
Dr. Hizb Ullah Gandapur,ABBOTTABAD,Pediatrician,"Hizb Ullah Gandapur Clinic, Kehal, Abbottabad",Pediatrician
Assoc. Prof. Dr. Tahir Saeed Siddiqi,ABBOTTABAD,Pediatrician,"Awan Medical Centre, Mandian, Abbottabad",Pediatrician
Dr. Areeba Rehman,ABBOTTABAD,General Physician,"Allied Specialist Clinics, , Manshera Road, Abbottabad, Abbottabad",General Physician
Dr. Kafeel Ur Rehman,ABBOTTABAD,General Surgeon,No Address Available,General Surgeon
Dr. Zulfiqar Ahmed,ABBOTTABAD,"Endocrinologist, General Physician",No Address Available,"Endocrinologist, General Physician"
Asst. Prof. Dr. Nighat Jamal,ABBOTTABAD,"Internal Medicine Specialist, General Physician",No Address Available,"Internal Medicine Specialist, General Physician"
Dr. Ayesha Asad,ABBOTTABAD,General Physician,No Address Available,General Physician
Dr. Hafsa Nazir,ABBOTTABAD,General Physician,No Address Available,General Physician
Dr. Muhammad Hamid,ABBOTTABAD,General Physician,No Address Available,General Physician
Dr. Murad Ali,ABBOTTABAD,Orthopedic Surgeon,No Address Available,Orthopedic Surgeon
Dr. Mahnoor,ABBOTTABAD,General Physician,No Address Available,General Physician
Dr. Aleena Ashraf,ABBOTTABAD,General Physician,"Ayub Teaching Hospital, Mandian, Abbottabad",General Physician
Dr. Aman Ullah,ABBOTTABAD,General Physician,No Address Available,General Physician
Dr. Maryam Farid Janjuah,ABBOTTABAD,Gynecologist,No Address Available,Gynecologist
Dr. Wahaj,ABBOTTABAD,Nephrologist,"Lifecare Hospital, Mansehra Road, Abbottabad",Nephrologist
Asst. Prof. Dr. Muhammad Shahzad,ABBOTTABAD,"Urologist, Sexologist, Andrologist","Shafiq Medical Centre, Abbottabad, Abbottabad","Urologist, Sexologist, Andrologist"
Asst. Prof. Dr. Faheem Ul Haq,ABBOTTABAD,"Urologist, Andrologist, Sexologist","Kidney Care Center Abbottabad, , Manshera Road, Abbottabad, Abbottabad","Urologist, Andrologist, Sexologist"
Asst. Prof. Dr. Tahir Haroon,ABBOTTABAD,Ent Specialist,"Awan Medical Centre, Mandian, Abbottabad",Ent Specialist
Dr. Gul Muhammad,ABBOTTABAD,Neuro Surgeon,"Quershi Medical Mall, Main Mansehra Road, Abbottabad",Neuro Surgeon
Asst. Prof. Dr. Waseef Ullah,ABBOTTABAD,Neuro Surgeon,"Jinnah International Hospital, Khyber Pakhtunkhwa, Abbottabad",Neuro Surgeon
Dr. Irfan Ali,ABBOTTABAD,Neuro Surgeon,No Address Available,Neuro Surgeon
Dr. Nisar Ahmad Khan,ABBOTTABAD,Neuro Surgeon,No Address Available,Neuro Surgeon
Dr. Ibrahim Mushtaq,ABBOTTABAD,Neuro Surgeon,"Waleed General Hospital, Abottabad Road, Mansehra City, Mansehra",Neuro Surgeon
Asst. Prof. Dr. Ehtesham Ahmed,ABBOTTABAD,Neuro Surgeon,"Ehtesham Ahmed Clinic, Al Mansoor Town, Abbottabad",Neuro Surgeon
Asst. Prof. Dr. Abdul Aziz,ABBOTTABAD,Neuro Surgeon,"Rauf Medical Center, Musa Zai Colony, Abbottabad",Neuro Surgeon
Asst. Prof. Dr. Ahsan Aurangzeb,ABBOTTABAD,Neuro Surgeon,"Abbott Hospital, Musa Zai Colony, Abbottabad",Neuro Surgeon
Dr. Shahid Jatoi,ALIPUR,Pediatrician,"Al Razi Childern Clinic, Teachers Colony, Alipur",Pediatrician
Dr. Rashid Riaz,ALIPUR,General Physician,No Address Available,General Physician
Dr. Hamza Usman,ALIPUR,General Physician,No Address Available,General Physician
Dr. Nazish Sarfraz,ATTOCK,Gynecologist,"Hameed Memorial Hospital Kamra, Main GT Road, Gate#2 , Kamra Cantt, Attock",Gynecologist
Dr. Komal Aftab,ATTOCK,Gynecologist,No Address Available,Gynecologist
Dr. Hummaira Chaudhary,ATTOCK,Gynecologist,No Address Available,Gynecologist
Dr. Inam Malkani,ATTOCK,Urologist,"Mutahir Memorial Hospital, Main Kamra Rd, Attock, Attock",Urologist
Assoc. Prof. Dr. Khaqan Jahangir Janjua,ATTOCK,Orthopedic Surgeon,"Mega Medical Complex Hospital, Cantt, Rawalpindi",Orthopedic Surgeon
Dr. Mansoor Ul Haq,ATTOCK,Pediatrician,"Hussain Hospital, DHQ hospital, Attock",Pediatrician
Dr. Mehwish Zaidi,ATTOCK,Pediatrician,No Address Available,Pediatrician
Dr. Zobaria Saleem,ATTOCK,Pediatrician,No Address Available,Pediatrician
Dr. Anum Fatima,ATTOCK,Pediatrician,"Hussain Hospital, DHQ hospital, Attock",Pediatrician
Dr. Colonel R Muhammad Zubair Khan,ATTOCK,General Physician,"Zubair Clinics, Attock Cantt, Attock",General Physician
Dr. Tauqeer Azher,ATTOCK,General Physician,No Address Available,General Physician
Dr. Musaddiq Islam,ATTOCK,General Physician,No Address Available,General Physician
Dr. Ahmad Abubaker,ATTOCK,General Physician,"Danish Surgical Centre, THQ Hospital, Attock",General Physician
Dr. Waseem Ali,ATTOCK,General Physician,No Address Available,General Physician
Dr. Haleema Khalid Ali,ATTOCK,General Physician,No Address Available,General Physician
Dr. Komal Azhar,ATTOCK,General Physician,No Address Available,General Physician
Dr. Zakir Hussain,ATTOCK,General Physician,"Alam Medical Center, Dar-ul-Islam Colony, Attock",General Physician
Dr. Rizwan Ahmed Khan,ATTOCK,Neuro Surgeon,"Alam Medical Center, Dar-ul-Islam Colony, Attock",Neuro Surgeon
Dr. Sartaj Aziz,ATTOCK,Neuro Surgeon,"Hanif Medical Complex, Faisal Town, Islamabad",Neuro Surgeon
Dr. Tooba Tasawar,BADEN,General Physician,"Indus Hospital Badin, Sindh, Baden",General Physician
Dr. Zahoor Ahmed Abbasi,BADEN,General Physician,"Kashaf Clinic, badin, Baden",General Physician
Dr. Rana Maqbool,BAHAWALNAGAR,Dermatologist,"Arif Hospital, Canal Colony, Bahawalnagar",Dermatologist
Dr. Syed Umar Farooq Shah,BAHAWALNAGAR,Urologist,"City Hospital, Degree College Road, Bahawalnagar",Urologist
Assoc. Prof. Dr. Mudassar Nazar,BAHAWALNAGAR,Orthopedic Surgeon,"Life Care Medical Complex, wuqla colony, Bahawalnagar",Orthopedic Surgeon
Dr. Muhammad Moaz Bin Khalid,BAHAWALNAGAR,General Physician,No Address Available,General Physician
Dr. Mashood Ashraf,BAHAWALNAGAR,General Physician,No Address Available,General Physician
Dr. Shahzeena Malik,BAHAWALNAGAR,General Physician,No Address Available,General Physician
Dr. Mujahid Ali Babar,BAHAWALNAGAR,General Physician,"Ganjshakar Hospital, Minchinabad, Bahawalnagar",General Physician
Dr. Sadia Mughese,BAHAWALPUR,"Dermatologist, Nutritionist","Amin Clinic, Model Town, Bahawalpur","Dermatologist, Nutritionist"
Dr. Muzammil Nazar,BAHAWALPUR,Dermatologist,"Alfateh Medical Clinic, Royal city, Bahawalpur",Dermatologist
Dr. Haseeb Ahmad,BAHAWALPUR,General Physician,"Noor Clinic, Sadiq Colony, Bahawalpur",General Physician
Dr. Ummair Saeed Mian,BAHAWALPUR,Dermatologist,No Address Available,Dermatologist
Dr. Murtaza Khan,BAHAWALPUR,Dermatologist,No Address Available,Dermatologist
Dr. Zahid Iqbal Bhatti,BAHAWALPUR,Dermatologist,"Hamdan Hospital, Model Town, Bahawalpur",Dermatologist
Dr. Mugheese Amin,BAHAWALPUR,Dermatologist,"Amin Hair Transplant Hospital, Old City, Bahawalpur",Dermatologist
Dr. Shagufta Akmal,BAHAWALPUR,Dermatologist,"Skin Care Clinic, Satellite Town, Bahawalpur",Dermatologist
Dr. Mustafa Ali Raza,BAHAWALPUR,Neurologist,"Dr Mulazim Hussain Soomro Clinic, Bahawalpur City, Bahawalpur",Neurologist
Dr. Shaukat Mamoon,BAHAWALPUR,Neurologist,"Millat Hospital, Dubai chowk, Bahawalpur",Neurologist
Dr. Sana Ammad Ch Gold Medalist,BAHAWALPUR,Gynecologist,"Health Care Bahawalpur, Model Town A, Bahawalpur",Gynecologist
Assoc. Prof. Dr. Shahida Zareen,BAHAWALPUR,Gynecologist,"Al-Hayyat Hospital, Setellite Town, Bahawalpur",Gynecologist
Dr. Zainab Malik,BAHAWALPUR,Gynecologist,"Zainab Fertility Center, Medical Colony, Bahawalpur",Gynecologist
Dr. Sadia Shakeel,BAHAWALPUR,Gynecologist,"Khan surgical hospital, Model Town, Bahawalpur",Gynecologist
Dr. Khadija Sundas,BAHAWALPUR,Gynecologist,No Address Available,Gynecologist
Dr. Aasia Salman,BAHAWALPUR,Gynecologist,"Dr. Aasia Salman Clinic, Allama Iqbal Town, Bahawalpur",Gynecologist
Asst. Prof. Dr. Tanzila Musammat,BAHAWALPUR,Gynecologist,"Dr Tanzila Rafiq Clinic, Medical Colony, Bahawalpur",Gynecologist
Dr. Mehwish Rasheed,BAHAWALPUR,Gynecologist,"Dr. Mehwish Aftab Clinic, Medical Colony, Bahawalpur",Gynecologist
Dr. Aisha Javed,BAHAWALPUR,Gynecologist,No Address Available,Gynecologist
Dr. Aisha Khizer,BAHAWALPUR,Gynecologist,No Address Available,Gynecologist
Dr. Arooj Ramzan,BAHAWALPUR,Gynecologist,"Iqbal Hospital, Muhammadi Colony, Bahawalpur",Gynecologist
Dr. Sidra Arshad,BAHAWALPUR,Gynecologist,"Bahawal Victoria Hospital, CMH Chowk, Bahawalpur",Gynecologist
Prof. Dr. Shafqat Ali Tabassum,BAHAWALPUR,Urologist,"Urology Clinic, Bahawalpur Cantt, Bahawalpur",Urologist
Dr. Muhammad Waqas,BAHAWALPUR,Urologist,"South Punjab Hospital, Suraj Miani Road, Multan",Urologist
Asst. Prof. Dr. Asra Aleem,BAHAWALPUR,Urologist,No Address Available,Urologist
Dr. Talha Danish,BAHAWALPUR,Urologist,No Address Available,Urologist
Asst. Prof. Dr. Muhammad Salman Arshad,BAHAWALPUR,Urologist,No Address Available,Urologist
Dr. Kashif Ikram,BAHAWALPUR,Urologist,"Hadi Surgimed Hospital, Satellite Town, Bahawalpur",Urologist
Dr. Mahar Amjad Sipra,BAHAWALPUR,Urologist,No Address Available,Urologist
Dr. Nauman Iqbal,BAHAWALPUR,Urologist,"Aizaz Hospital, Bahawalpur City, Bahawalpur",Urologist
Dr. Zahid Shehzad,BAHAWALPUR,Urologist,"Hafiz Irshad Physiotherapy Clinic, Bahawalpur Cantt, Bahawalpur",Urologist
Dr. Mahmood Waqas,BAHAWALPUR,Urologist,"Shahid Surgical Care Hospital, Satellite Town, Bahawalpur",Urologist
Asst. Prof. Dr. Zubair Maqbool,BAHAWALPUR,Gastroenterologist,"Iqbal Hospital, Muhammadi Colony, Bahawalpur",Gastroenterologist
Dr. Muhammad Zubair Ashraf,BAHAWALPUR,Pulmonologist / Lung Specialist,"Surgicare Hospital, Welcome Chowk, Bahawalpur",Pulmonologist / Lung Specialist
Dr. Muhammad Javid Iqbal Bhutta,BAHAWALPUR,Pulmonologist / Lung Specialist,"Dr muhaama javaid iqbal bhutta clinic, Circular Road, Bahawalpur",Pulmonologist / Lung Specialist
Dr. Abdul Munaf Saud,BAHAWALPUR,Orthopedic Surgeon,"Millat Hospital, Dubai chowk, Bahawalpur",Orthopedic Surgeon
Dr. Kashif Siddiq,BAHAWALPUR,Orthopedic Surgeon,"Iqbal Hospital, Muhammadi Colony, Bahawalpur",Orthopedic Surgeon
Dr. Aftab Hussain,BAHAWALPUR,Orthopedic Surgeon,"Aftab Cure Hospital, Ahmad pur, Bahawalpur",Orthopedic Surgeon
Assoc. Prof. Dr. Mudassar Nazar,BAHAWALPUR,Orthopedic Surgeon,"Life Care Medical Complex, wuqla colony, Bahawalnagar",Orthopedic Surgeon
Dr. Irfan Ali Shujah,BAHAWALPUR,Orthopedic Surgeon,"Al Rehman Medical Center ,, Model Town, Bahawalpur",Orthopedic Surgeon
Asst. Prof. Dr. Babar Bakht Chughtai,BAHAWALPUR,Orthopedic Surgeon,No Address Available,Orthopedic Surgeon
Dr. Muhammad Hamid Raza Shah Akif,BAHAWALPUR,Orthopedic Surgeon,No Address Available,Orthopedic Surgeon
Asst. Prof. Dr. Shahid Mahmood,BAHAWALPUR,Orthopedic Surgeon,"Ali general Hospital, Khanewal Road, Multan",Orthopedic Surgeon
Dr. Rao Tayab Mehmood,BAHAWALPUR,Orthopedic Surgeon,"Rao Tayab Mehmood Clinic, Bahalpur Cantt, Bahawalpur",Orthopedic Surgeon
Dr. Zulfiqar Ali Bobak,BAHAWALPUR,Orthopedic Surgeon,"Zulfiqar Ali Bobak Clinic, Bahawalpur Cantt, Bahawalpur",Orthopedic Surgeon
Dr. Noor Ullah Qamar,BAHAWALPUR,Orthopedic Surgeon,"Rafi Qamar Hospital, Muslim Town, Bahawalpur",Orthopedic Surgeon
Dr. Shujaat Hussain,BAHAWALPUR,Orthopedic Surgeon,"Shujaat Hussain Clinic, Bahawalpur Cantt, Bahawalpur",Orthopedic Surgeon
Dr. Akram Bhutta,BAHAWALPUR,Pediatrician,"City Hospital, Bahawalpur City, Bahawalpur",Pediatrician
Dr. Hafiz Muhammad Anwar,BAHAWALPUR,Pediatrician,"Hafiz Muhammad Anwar Clinic, Hamiyatan Chowk, Bahawalpur",Pediatrician
Assoc. Prof. Dr. Iqbal Ahmad,BAHAWALPUR,Pediatrician,"Wahab Children Clinic, Model Town, Bahawalpur",Pediatrician
Asst. Prof. Dr. Muhammad Sajid,BAHAWALPUR,Pediatrician,"Jinnah Medical Hall, Main Bahwalnagar Road, Chishtian",Pediatrician
Dr. Syed Usama Masood,BAHAWALPUR,Pediatrician,No Address Available,Pediatrician
Asst. Prof. Dr. Muhammad Asghar Ali,BAHAWALPUR,Pediatrician,"Aleena Hopsital, Ahmadpur Road, Bahawalpur",Pediatrician
Dr. Javaid Lal,BAHAWALPUR,Pediatrician,"Healthcare Clinic, Bahawalpur City, Bahawalpur",Pediatrician
Asst. Prof. Dr. Javaid Akhtar Hashmi,BAHAWALPUR,Pediatrician,"Syed Hospital, Model Town, Bahawalpur",Pediatrician
Dr. Asma Tahseen,BAHAWALPUR,Pediatrician,"Abdullah Clinic, Jail Road, Bahawalpur",Pediatrician
Dr. Muhammad Akram Lashari,BAHAWALPUR,Pediatrician,"Ali Hospital And Maternity Home, Model Town, Bahawalpur",Pediatrician
Dr. Abbas Anjum Khichi,BAHAWALPUR,Pediatrician,"Akhtar Pharmacy and Family Clinic, Shadab Colony, Bahawalpur",Pediatrician
Dr. Imran Azam,BAHAWALPUR,Pediatrician,"Child Care Clinic, Noor Mahal Road, Bahawalpur",Pediatrician
Dr. Ammad Masood Ch,BAHAWALPUR,General Physician,"Health Care Bahawalpur, Model Town A, Bahawalpur",General Physician
Dr. Shamsheer Haider,BAHAWALPUR,General Physician,No Address Available,General Physician
Dr. Ahmed Farhan Ghouri,BAHAWALPUR,Pediatrician,"Abdullah Clinic, Jail Road, Bahawalpur",Pediatrician
Dr. Sidra Aziz,BAHAWALPUR,General Physician,No Address Available,General Physician
Dr. Nazia Fiaz,BAHAWALPUR,General Physician,No Address Available,General Physician
Dr. Emran,BAHAWALPUR,General Physician,No Address Available,General Physician
Dr. Maaz Ullah Khan,BAHAWALPUR,General Physician,No Address Available,General Physician
Dr. Kanza Asghar,BAHAWALPUR,General Physician,No Address Available,General Physician
Dr. Saliha Anwar,BAHAWALPUR,General Physician,No Address Available,General Physician
Dr. Komal Nadir,BAHAWALPUR,General Physician,"Taha Clinic, government housing society, Bahawalpur",General Physician
Dr. Hummayoon Shahzad,BAHAWALPUR,General Physician,"Azra Health Clinic, Muslim Town, Bahawalpur",General Physician
Dr. Ata Ullah,BAHAWALPUR,General Surgeon,"Shamin hospital and surgical complex, Kahror Pakka, Lodhran",General Surgeon
Asst. Prof. Dr. Shoaib Manzoor,BAHAWALPUR,Nephrologist,"Manzoor Kidney Centrer, Railway Chowk, Lodhran",Nephrologist
Dr. Umar Hayat Bhatti,BAHAWALPUR,Nephrologist,"Muhammad Kidney Center &amp; Surgical Complex, Model Town, Bahawalpur",Nephrologist
Dr. Muhammad Khalid Idrees,BAHAWALPUR,Nephrologist,"Doctors MRI Clinic, Bahawalpur City, Bahawalpur",Nephrologist
Dr. Zahid Shehzad,BAHAWALPUR,Sexologist,"Dr Zahid Clinic, Medical Colony, Bahawalpur",Sexologist
Asst. Prof. Dr. Nasir Wakeel Khan,BAHAWALPUR,Ent Specialist,No Address Available,Ent Specialist
Prof. Dr. Soufia Farrukh,BAHAWALPUR,"Eye Surgeon, Eye Specialist","Prof. Dr. Soufia Farrukh Clinic, Medical Colony, Bahawalpur","Eye Surgeon, Eye Specialist"
Asst. Prof. Dr. Sarfraz Patafi,BAHAWALPUR,Eye Surgeon,"City Hospital, Bahawalpur City, Bahawalpur",Eye Surgeon
Dr. Manzoor Hussain Malik,BAHAWALPUR,Eye Surgeon,"Al-Shifa Eye Hospital and Laser Center, Model Town, Bahawalpur",Eye Surgeon
Asst. Prof. Dr. Piya Muhammad Musammat Rafi,BAHAWALPUR,Eye Surgeon,"Dr Piya Muhammad Clinic, Medical Colony, Bahawalpur",Eye Surgeon
Dr. Muhammad Farhan Saleem,BAHAWALPUR,Eye Surgeon,No Address Available,Eye Surgeon
Dr. Riaz Ahmed Chauhan,BAHAWALPUR,Eye Surgeon,"Riaz Ahmed Chauhan Clinic, Model Town, Bahawalpur",Eye Surgeon
Dr. Hafiz Zulfiqar Ali,BAHAWALPUR,Eye Surgeon,"Hafiz Zulfiqar Ali Clinic, Bahawalpur Cantt, Bahawalpur",Eye Surgeon
Asst. Prof. Dr. Muhammad Younis Tahir,BAHAWALPUR,Eye Surgeon,"Laser Eye Hospital, Railway Line, Bahawalpur",Eye Surgeon
Dr. Mubashir Malik,BAHAWALPUR,Neuro Surgeon,"Masood Hospital, Garden Town, Lahore",Neuro Surgeon
Dr. Awais Ur Rehman,BAHAWALPUR,Neuro Surgeon,No Address Available,Neuro Surgeon
Dr. Musaddaq Hussain,BAHAWALPUR,Neuro Surgeon,"Musaddaq Hussain Clinic, Bahawalpur Cantt, Bahawalpur",Neuro Surgeon
Dr. Amir Majeed,BAHAWALPUR,Neuro Surgeon,"Amin Shaikh Clinic, Bahawalpur Cantt, Bahawalpur",Neuro Surgeon
Dr. Muhammad Sajjad Hussain,BAHAWALPUR,Neuro Surgeon,"City Hospital, Bahawalpur City, Bahawalpur",Neuro Surgeon
Dr. Hamid,BAJAUR-AGENCY,Internal Medicine Specialist,No Address Available,Internal Medicine Specialist
Mr. Muhammad Jan,BAJAUR-AGENCY,"Psychologist, Homeopath, Sexologist","AL-SHIFA MEDICAL CENTER, Damadola Road, Bajaur Agency, Bajaur Agency","Psychologist, Homeopath, Sexologist"
Dr. Mujeeb Ur Rahman,BANNU,Orthopedic Surgeon,"Doctors Lab, Khyber Pakhtunkhwa, Pakistan, Bannu",Orthopedic Surgeon
Dr. Sajid Khan,BANNU,Pediatrician,"Dr. Sajid Muhammad Khan Children Clinic, Hospital Road, Bannu",Pediatrician
Dr. Zeeshan Ahmad,BANNU,Pediatrician,"Khyber Teaching Hospital, University Town, Peshawar",Pediatrician
Dr. Roman Khan,BANNU,Pediatrician,No Address Available,Pediatrician
Dr. Samar Latif,BANNU,Pediatrician,No Address Available,Pediatrician
Dr. Waqas Ahmad Khan,BANNU,General Physician,"Dr Waqas Ahmad Khan Clinic, Near THQ Hospital, Lakki Marwat",General Physician
Dr. Ikram Ullah,BANNU,General Physician,"Dhq Hospital Bannu, Nasir Abad, Bannu",General Physician
Dr. Arshad Khan,BANNU,Neuro Surgeon,"Bukhari Medical and Surgical Complex, KPK, Bannu",Neuro Surgeon
Dr. Attiya Zehra,BHAKKAR,Gynecologist,"New Life Clinic, punjab, Bhakkar",Gynecologist
Dr. Sania Kareem,BHAKKAR,Gynecologist,"Tahir Medical Centre, Mandi Town, Bhakkar",Gynecologist
Dr. Waqar Ul Hassan,BHAKKAR,Pediatrician,"National Hospital Bhakkar, BHAKKAR, Bhakkar",Pediatrician
Dr. Sana Anum,BHAKKAR,Pediatrician,"Azhar Mehboob Memorial Hospital Bhakkar, BHAKKAR, Bhakkar",Pediatrician
Dr. Muhammad Arshad,BHAKKAR,General Physician,No Address Available,General Physician
Dr. Maryam Shabbir,BHAKKAR,General Physician,No Address Available,General Physician
Dr. Noor Ul Ain,BHAKKAR,General Physician,No Address Available,General Physician
Dr. Muhammad Abbas Mirrani,BHAKKAR,General Physician,"Al Abbas Medical Complex, Zilla bhakkar, Bhakkar",General Physician
Asst. Prof. Dr. Sheeba Ahtasham,BHALWAL,Gynecologist,"Razia Rehman Clinic, Post Office Road, Bhalwal",Gynecologist
Dr. Abdul Hameed Malik,BHALWAL,Gastroenterologist,"Al-Mustafa Clinic, Civil Hospial Road, Bhalwal",Gastroenterologist
Dr. Sana Rani,BHALWAL,General Physician,"Naseem Umer hospital, Near Ahmed Clinic By Dr Nawaz, Bhalwal",General Physician
Dr. Assad Awan,BHALWAL,Orthopedic Surgeon,"Al Rehman Hospital, punjab, Bhalwal",Orthopedic Surgeon
Dr. Ali Jan,BUNER,Pediatrician,"Buner Children Hospital SHNAI, Mingora Rd, Buner",Pediatrician
Dr. Faramoz Khan,BUNER,General Physician,"Buner Medical Centre, Pir Baba Rd, Buner",General Physician
Dr. Farid Khan,BUNER,"Ent Specialist, Ent Surgeon","Buner Medical Complex Daggar, buner, Buner","Ent Specialist, Ent Surgeon"
Dr. Maryam Anwar,BUREWALA,Gynecologist,"Dhillon Surgical Complex, Vehari-Burewala Rd, Burewala, Burewala",Gynecologist
Dr. Faran Ashraf,BUREWALA,Pulmonologist / Lung Specialist,No Address Available,Pulmonologist / Lung Specialist
Dr. Iftikhar Ahmed,BUREWALA,General Physician,"The Psych Clinic, A Block Roads, Burewala",General Physician
Dr. Shamaila Usman,BUREWALA,General Physician,No Address Available,General Physician
Dr. Muhammad Shahzeb,BUREWALA,General Physician,No Address Available,General Physician
Dr. Romaisa Amber,BUREWALA,General Physician,No Address Available,General Physician
Dr. Muhmmad Ahmad Wajid,BUREWALA,General Physician,No Address Available,General Physician
Dr. Numera Amin,CHAKWAL,Dermatologist,No Address Available,Dermatologist
Dr. Sidra Riasat,CHAKWAL,Gynecologist,"Al Aziz surgical hospital, 0, Chakwal",Gynecologist
Dr. Waqas Hussain Mirza,CHAKWAL,"Urologist, Sexologist, Andrologist","Al-Mumtaz Hospital Talagang, Talagang Road, Chakwal","Urologist, Sexologist, Andrologist"
Dr. Asim Shahzad,CHAKWAL,Urologist,"Wafiya Specialists Clinic, Opposite DHQ Hospital, Chakwal",Urologist
Asst. Prof. Dr. Junaid Javaid,CHAKWAL,Orthopedic Surgeon,"Maryam Memorial Hospital Bahria Town, Bahria Town, Rawalpindi",Orthopedic Surgeon
Dr. Zeeshan Abbas,CHAKWAL,Orthopedic Surgeon,No Address Available,Orthopedic Surgeon
Dr. Manal Tariq,CHAKWAL,General Physician,No Address Available,General Physician
Dr. Hina Amjad,CHAKWAL,General Physician,"Sheharyar Hospital, Chakwal, Opposite DHQ Hospital, Chakwal",General Physician
Dr. Waqas Hussain Mirza,CHAKWAL,"Urologist, Sexologist, Andrologist","Al-Mumtaz Hospital Talagang, Talagang Road, Chakwal","Urologist, Sexologist, Andrologist"
Dr. Muhammad Siddique,CHAKWAL,Eye Surgeon,"Munawar Memorial Hospital, Chakwal, Chakwal",Eye Surgeon
Dr. Professor M Raza Awan,CHAKWAL,Eye Surgeon,"OptiCare Eye Hospital, Mulhal Mughlan, Chakwal",Eye Surgeon
Dr. Shams Ullah,CHAMAN,Orthopedic Surgeon,"Doctors medical camplex, Power House, Chaman",Orthopedic Surgeon
Dr. Noorullah,CHAMAN,General Physician,"Fatima Memorial Hospital (Fmh), Shadman 1, Lahore",General Physician
Dr. Kamran Durrani,CHARSADDA,Dermatologist,"Shah Medical Complex Hospital, Charsadda city, Charsadda",Dermatologist
Dr. Abdul Wakeel,CHARSADDA,Dermatologist,"Afghan Medicos Clinic, Charsadda city, Charsadda",Dermatologist
Dr. Khalid Khan,CHARSADDA,Dermatologist,"Abid Mian Plaza Old Gts Bus Hospital, Charsadda City, Charsadda",Dermatologist
Dr. Farhat Nasir,CHARSADDA,Gynecologist,"Abdal Medical Complex Charsadda, Mardan Road, Charsadda",Gynecologist
Dr. Jabbar Khan,CHARSADDA,Pulmonologist / Lung Specialist,"Gul Baba Plaza Hospital, Charsadda City, Charsadda",Pulmonologist / Lung Specialist
Dr. Zain Ullah,CHARSADDA,Orthopedic Surgeon,"SUDAIS Medical Complex, Khyber Pakhtunkhwa, Charsadda",Orthopedic Surgeon
Dr. Abbas Ali,CHARSADDA,Orthopedic Surgeon,"Shah Medical Complex Hospital, Charsadda city, Charsadda",Orthopedic Surgeon
Dr. Hameed Ullah,CHARSADDA,Pediatrician,"Ayan Medical Center, Mardan Road, Charsadda",Pediatrician
Dr. Zahirullah,CHARSADDA,Pediatrician,"Ayan Medical Center, Mardan Road, Charsadda",Pediatrician
Dr. Haseeb Nawaz Ahmad,CHARSADDA,Pediatrician,"Shah Medical Complex Hospital, Charsadda city, Charsadda",Pediatrician
Dr. Amin Khatak,CHARSADDA,Pediatrician,"Nawaz Medical Hall Hospital, Charsadda city, Charsadda",Pediatrician
Dr. Zahir Shah Kaka,CHARSADDA,Pediatrician,"Dhq Hospital, Charsadda city, Charsadda",Pediatrician
Dr. Abrar Alam,CHARSADDA,General Physician,No Address Available,General Physician
Dr. Syed Muhammad,CHARSADDA,General Physician,"Pak Clinical Laboratory, Charsadda city, Charsadda",General Physician
Dr. Shakirullah,CHARSADDA,Neuro Surgeon,"Akbar Medical Center (Peshawar), Dabgari Garden, Peshawar",Neuro Surgeon
Asst. Prof. Dr. Bakht Jamal,CHARSADDA,Neuro Surgeon,"Dr bakht jamal clinic, Mardan Road, Charsadda",Neuro Surgeon
Asst. Prof. Dr. Abdul Rauf,CHARSADDA,Neuro Surgeon,"Shah Medical Complex Hospital, Charsadda city, Charsadda",Neuro Surgeon
Dr. Syed Salman Saqlain,CHICHAWATNI,Orthopedic Surgeon,"Sarwar Foundation Rai Ali Nawaz Hospital, Soji mill Bridge G.T Road Chichawatni, Chichawatni",Orthopedic Surgeon
Dr. Zahid Mahmood,CHICHAWATNI,General Physician,"Bin Ashraf Pharmacy and Medical Complex, Chichawatni, Chichawatni",General Physician
Dr. Salman Waheed,CHICHAWATNI,General Physician,No Address Available,General Physician
Dr. Umar Farooq,CHICHAWATNI,Chest Respiratory Specialist,No Address Available,Chest Respiratory Specialist
Dr. Amjad Mahmood,CHICHAWATNI,General Physician,"Life Care Clinic, Muridke, Muridke",General Physician
Dr. Maria Yaseen,CHICHAWATNI,Nephrologist,"Rai Ali Nawaz Foundation Hospital, Chichawatni, Chichawatni",Nephrologist
Dr. Fariha Tahir,CHINIOT,Gynecologist,No Address Available,Gynecologist
Dr. Hafsa Haroon,CHINIOT,Gynecologist,"Ali and Fatima Clinic, solang stop, Chiniot",Gynecologist
Dr. Muhammad Waqas Basharat,CHINIOT,Pediatrician,"IDC executive clinics, Lasani Town, Faisalabad",Pediatrician
Dr. Hafiz Shahrukh Hassan,CHINIOT,General Physician,No Address Available,General Physician
Dr. Sabeeh Ul Hassan,CHINIOT,General Physician,No Address Available,General Physician
Dr. Huzaifa Akhlaq,CHINIOT,Eye Surgeon,"Al Noor Laser Clinic, Muhallah garrah, Chiniot",Eye Surgeon
Dr. Mian Awais,CHINIOT,"Neuro Surgeon, Spinal Surgeon","Saad Medicare Clinic, Rajana Road, Toba Tek Singh","Neuro Surgeon, Spinal Surgeon"
Dr. Hafiz Muhammad Junaid,CHINIOT,Neuro Surgeon,"Siddiq Medical Complex Hospital, Gulistan Colony, Faisalabad",Neuro Surgeon
Dr. Muhammad Shahbaz,CHISHTIAN,Dermatologist,"Al Noor Clinic (Chishtian), Bahawalnagar Road, Chishtian",Dermatologist
Asst. Prof. Dr. Muhammad Sajid,CHISHTIAN,Pediatrician,"Jinnah Medical Hall, Main Bahwalnagar Road, Chishtian",Pediatrician
Dr. Muhammad Asim,CHISHTIAN,"Family Medicine, General Practitioner",No Address Available,"Family Medicine, General Practitioner"
Dr. Hina Javaid,CHISHTIAN,General Physician,"Al Noor Clinic (Chishtian), Bahawalnagar Road, Chishtian",General Physician
Dr. Zarka Sarwar,DARGAI,General Physician,No Address Available,General Physician
Dr. Rahim Khan,DARGAI,General Physician,"Asad Medioac Iitthead Hospital, Kharkai, Dargai",General Physician
Asst. Prof. Dr. Fakhra Husnain,DASKA,Gynecologist,No Address Available,Gynecologist
Dr. Muhammad Umar,DASKA,Urologist,"Shabbir Hospital, Model Town, Daska",Urologist
Dr. Muhammad Kashif Bashir,DASKA,Gastroenterologist,"Chaudhary Hospital, Bilal Ganj, Lahore",Gastroenterologist
Dr. Muhammad Mudassar,DASKA,Orthopedic Surgeon,"Hameda Bashir Hospital, Daska, Daska",Orthopedic Surgeon
Dr. Aamir Hussain,DASKA,Orthopedic Surgeon,"Younas hospital, Daska, Daska",Orthopedic Surgeon
Dr. Shahid Rashid,DASKA,Pediatrician,"Rashid Hospital Daska, Sohawa stop, Daska",Pediatrician
Dr. Abubakar Maqsood,DASKA,General Physician,No Address Available,General Physician
Dr. Rubab Zahra,DASKA,General Physician,No Address Available,General Physician
Dr. Momna Azrar,DASKA,Pediatrician,No Address Available,Pediatrician
Dr. Hassan Farooq Butt,DASKA,General Physician,"Hameda Bashir Hospital, Daska, Daska",General Physician
Dr. Adeel Shahzad,DASKA,General Physician,"Irha Medical Center, Pasrur Road, Daska",General Physician
Dr. Fahad Hussain Cheema,DASKA,General Physician,No Address Available,General Physician
Dr. Usama Hanif,DASKA,General Physician,No Address Available,General Physician
Asst. Prof. Dr. Usman Amiruddin,DERA-GHAZI-KHAN,"Plastic Surgeon, Cosmetic Surgeon, Plastic Surgeon, Dermatologist","Hussain Surgical Hospital, Balakh Sarwar City., Dera Ghazi Khan","Plastic Surgeon, Cosmetic Surgeon, Plastic Surgeon, Dermatologist"
Dr. Noreen Akhtar Rana,DERA-GHAZI-KHAN,Gynecologist,"Al Shifa Surgical Hospital DG Khan, jampur Road, Dera Ghazi Khan",Gynecologist
Dr. Ruqaiya Khan,DERA-GHAZI-KHAN,Gynecologist,"Hamdard Clinic, Fareed Abad, Dera Ghazi Khan",Gynecologist
Dr. Mehwish Nawaz,DERA-GHAZI-KHAN,Gynecologist,No Address Available,Gynecologist
Dr. Aasif Gurmani,DERA-GHAZI-KHAN,"Urologist, Sexologist, Andrologist","Fatima Kidney Hospital, Near DHQ hospital, Dera Ghazi Khan","Urologist, Sexologist, Andrologist"
Dr. Safdar Saeed,DERA-GHAZI-KHAN,Urologist,"Al Shifa Surgical Hospital DG Khan, jampur Road, Dera Ghazi Khan",Urologist
Asst. Prof. Dr. Muhammad Waseem Ashraf,DERA-GHAZI-KHAN,Pulmonologist / Lung Specialist,No Address Available,Pulmonologist / Lung Specialist
Asst. Prof. Dr. Muhammad Asif Qureshi,DERA-GHAZI-KHAN,"Pediatrician, Pediatric Surgeon",No Address Available,"Pediatrician, Pediatric Surgeon"
Dr. Zara Altaf,DERA-GHAZI-KHAN,Pediatrician,No Address Available,Pediatrician
Dr. Muhammad Sher Khoh Qaisrani,DERA-GHAZI-KHAN,Pediatrician,No Address Available,Pediatrician
Dr. Nasir Hassan,DERA-GHAZI-KHAN,General Physician,"Nasir Health Services, Canal Road, Dera Ghazi Khan",General Physician
Dr. Mureed Hussain,DERA-GHAZI-KHAN,General Physician,"City Hospital DG Khan, Fareedabad, Dera Ghazi Khan",General Physician
Dr. Fatima Siraj,DERA-GHAZI-KHAN,General Physician,No Address Available,General Physician
Dr. Syed Ahmer Gillani,DERA-GHAZI-KHAN,General Surgeon,No Address Available,General Surgeon
Dr. Rabia Andleeb,DERA-GHAZI-KHAN,General Physician,No Address Available,General Physician
Dr. Jawad Haider,DERA-GHAZI-KHAN,General Physician,"DG Eye &amp; General Hospital, Balakh Sarwar City, Dera Ghazi Khan",General Physician
Dr. Faisal Nawaz,DERA-GHAZI-KHAN,General Physician,"Allied Surgical Hospital, D G Khan, Dera Ghazi Khan",General Physician
Dr. Muhammad Arslan Riaz,DERA-GHAZI-KHAN,General Physician,No Address Available,General Physician
Dr. Ruqya Amir,DERA-GHAZI-KHAN,Gynecologist,No Address Available,Gynecologist
Dr. Muhammad Ilyas,DERA-GHAZI-KHAN,General Physician,"Abdul Majeed Khosa Medical and Surgical Complex, punjab, Dera Ghazi Khan",General Physician
Dr. Anwisha Samreen,DERA-GHAZI-KHAN,General Physician,No Address Available,General Physician
Dr. Fiaz Ahmad,DERA-GHAZI-KHAN,General Physician,No Address Available,General Physician
Dr. Aasif Gurmani,DERA-GHAZI-KHAN,"Urologist, Sexologist, Andrologist","Fatima Kidney Hospital, Near DHQ hospital, Dera Ghazi Khan","Urologist, Sexologist, Andrologist"
Dr. Muhammad Hammad Hassan,DERA-GHAZI-KHAN,"Endourologist, Sexologist, Endourologist","Ibrahim Clinic and Fayyaz Ultrasound Centre, Jinnah complex, Dera Ghazi Khan","Endourologist, Sexologist, Endourologist"
Dr. Ali Murtaza,DERA-GHAZI-KHAN,Ent Specialist,No Address Available,Ent Specialist
Dr. Hafiz Muhammad Awais Iqbal,DERA-ISMAIL-KHAN,Dermatologist,"Dera skin clinic, Opposite DHQ Hospital, Dera Ismail Khan",Dermatologist
Dr. Zubair Ur Rehman Khan,DERA-ISMAIL-KHAN,Dermatologist,"Rehmania Hospital, Circular Rd,, Dera Ismail Khan",Dermatologist
Dr. Qandeela Irum Qureshi,DERA-ISMAIL-KHAN,Gynecologist,No Address Available,Gynecologist
Dr. Samiullah,DERA-ISMAIL-KHAN,Pediatrician,No Address Available,Pediatrician
Dr. Muhammad Basit Hashmi,DERA-ISMAIL-KHAN,Pediatrician,No Address Available,Pediatrician
Dr. Rashid Qayum,DERA-ISMAIL-KHAN,General Physician,No Address Available,General Physician
Dr. Hafiz Muhammad Tayyab,DERA-ISMAIL-KHAN,General Physician,No Address Available,General Physician
Dr. Mahroosha Noor Khan,DERA-ISMAIL-KHAN,Pathologist,No Address Available,Pathologist
Dr. Umar Ali Nazir,DERA-ISMAIL-KHAN,General Physician,"rauf medical complex, dera ismail khan, Dera Ismail Khan",General Physician
Dr. Anwar Ul Haq,DERA-ISMAIL-KHAN,General Physician,No Address Available,General Physician
Dr. Behzad Kaleem Baloch,DERA-ISMAIL-KHAN,Nephrologist,No Address Available,Nephrologist
Dr. Muhammad Sharjeel,DERA-ISMAIL-KHAN,"Eye Surgeon, Eye Specialist","Shifa Ali Hospital, Main Circular Road, Dera Ismail Khan","Eye Surgeon, Eye Specialist"
Dr. Muhammad Azeem Tahir Azeemi,DIJKOT,"Family Medicine, Andrologist, Pediatrician","Ahmad Specialist Clinic, partaab nagar, Faisalabad","Family Medicine, Andrologist, Pediatrician"
Dr. Muhammad Tufail,DIJKOT,Pediatrician,"Punjab Medical Complex, Civil Hospial Road, Dijkot",Pediatrician
Dr. Kiran Rani,DINGA,"General Practitioner, Dermatologist",No Address Available,"General Practitioner, Dermatologist"
Dr. Irshad Ali Sanpal,DUNYAPUR,General Physician,"Ramzan General Hospital, Zakuta Chowk, Dunyapur",General Physician
Asst. Prof. Dr. Shoaib Manzoor,DUNYAPUR,Nephrologist,"Manzoor Kidney Centrer, Railway Chowk, Lodhran",Nephrologist
Dr. Sher Baz Khan,GILGIT,Orthopedic Surgeon,No Address Available,Orthopedic Surgeon
Dr. Fayaz Hussain,GILGIT,Orthopedic Surgeon,"Medciti medical center, gilgit, Gilgit",Orthopedic Surgeon
Dr. Kazim Ali,GILGIT,General Physician,No Address Available,General Physician
Dr. Asma Hafeez,GILGIT,Nephrologist,"Agha Khan Medical Centre, gilgit, Gilgit",Nephrologist
Asst. Prof. Dr. Akif Rafi,GILGIT,Ent Specialist,"Ali Surgical Centre, gilgit, Gilgit",Ent Specialist
Dr. Khadim Ali,GOJRA,Dermatologist,"SAIRA LIAQAT CLINIC, Toba Tek Singh, Gojra",Dermatologist
Dr. Syeda Zahra Hassan Shamsi,GOJRA,Gynecologist,"Dr Atta Ullah Hameed, Pansra Road, Gojra",Gynecologist
Dr. Muhammad Irfan Rashed,GOJRA,Gastroenterologist,"Alkhidmat Medical center, Pur chock, Toba Tek Singh",Gastroenterologist
Dr. Awais Aslam,GOJRA,Pulmonologist / Lung Specialist,"Prime Diagnostic Centre, Toba Tek Singh, Faisalabad",Pulmonologist / Lung Specialist
Dr. Muhammad Ikrama,GOJRA,Pediatrician,No Address Available,Pediatrician
Dr. Hafiz Muhammad Hanif,GOJRA,Pediatrician,"Hafiz Hanif Children Clinic, Toba Tek Singh, Gojra",Pediatrician
Dr. Sadia Nadeem,GOJRA,General Physician,"Doctor Sadia Nadeem Ultrasound Center, punjab, Toba Tek Singh",General Physician
Dr. Muhammad Hassan Nadeem,GOJRA,Eye Surgeon,"Nadeem Eye And Skin Care Hospital, Quaid-e-Azam Rd, Gojra",Eye Surgeon
Dr. Abdul Rashid,GUJAR-KHAN,General Physician,"Emaan hospital, 0, Gujar Khan",General Physician
Dr. Wafa Noor,GUJAR-KHAN,General Physician,No Address Available,General Physician
Dr. Sumbal Wajid,GUJAR-KHAN,General Physician,No Address Available,General Physician
Dr. Shahzaib,GUJAR-KHAN,General Physician,No Address Available,General Physician
Dr. Maryam Qayyum,GUJRAT,Dermatologist,"Maryam Hospital, Rehman Shaheed Road, Gujrat",Dermatologist
Dr. Iqra Usman,GUJRAT,Dermatologist,"Usman Skin and Laser Clinic, Cheema Town, Gujrat",Dermatologist
Dr. Sehrish Sohail,GUJRAT,Dermatologist,"Sohail Surgimed Hospital, mehmda chowk, Gujrat",Dermatologist
Dr. Touseef Ansar,GUJRAT,Dermatologist,No Address Available,Dermatologist
Dr. Fahad Usman,GUJRAT,Dermatologist,"Usman Medical Complex Hospital, Lalamusa District, Gujrat",Dermatologist
Dr. Zaigham Abbas,GUJRAT,Neurologist,"Irshad Neuro Care, Marghzar Colony, Gujrat",Neurologist
Dr. Robina Sajid,GUJRAT,Gynecologist,"Robina Sajid Hospital, Gulberg Colony, Gujrat",Gynecologist
Dr. Maria Younas,GUJRAT,Gynecologist,"Cheema Medcare Hospital., Rehman Shaheed Road, Gujrat",Gynecologist
Dr. Syeda Tayyaba Ali Zaidi,GUJRAT,"General Practitioner, Gynecologist",No Address Available,"General Practitioner, Gynecologist"
Assoc. Prof. Dr. Shahida Husain Tarar,GUJRAT,Gynecologist,"Lahore Medical Center, Servis Industries, Gujrat",Gynecologist
Dr. Faisal Ahmed Zaeem,GUJRAT,"Endourologist, Urologist","ACE Medical Centre, GT Road, Gujrat","Endourologist, Urologist"
Dr. Ashfaq Ali Awan,GUJRAT,Urologist,"City Hospital, Jail Road, Gujrat",Urologist
Asst. Prof. Dr. Mujahid Israr,GUJRAT,"Gastroenterologist, Liver Specialist, General Physician, Internal Medicine Specialist","Ikram Hospital, Marghzar Colony, Gujrat","Gastroenterologist, Liver Specialist, General Physician, Internal Medicine Specialist"
Dr. Syed Babar Hussnain,GUJRAT,"General Physician, General Physician, Gastroenterologist, Diabetologist","Al Muzammil Medical Center, Marghzar Colony, Gujrat","General Physician, General Physician, Gastroenterologist, Diabetologist"
Dr. Arif Masood,GUJRAT,"Chest Respiratory Specialist, Pulmonologist / Lung Specialist","Faazal Hospital, circular road Kunjah, Gujrat","Chest Respiratory Specialist, Pulmonologist / Lung Specialist"
Dr. Bilal Hussain,GUJRAT,Orthopedic Surgeon,"National Orthopedic Hospital, Bhimber Road Area, Gujrat",Orthopedic Surgeon
Dr. Rehan Sittar,GUJRAT,Orthopedic Surgeon,"Doctors Hospital Gujrat, Jail Road Area, Gujrat",Orthopedic Surgeon
Dr. Bilal Khalid,GUJRAT,Orthopedic Surgeon,"The Hand and Foot Surgery - Dr. Bilal Khalid, Main Satellite Town, Rawalpindi",Orthopedic Surgeon
Dr. Abdul Qadir,GUJRAT,Pediatrician,No Address Available,Pediatrician
Dr. Ijaz Ahmad,GUJRAT,Pediatrician,"Al fazal hospital, chak kamala, Gujrat",Pediatrician
Dr. Hasnain Ashraf,GUJRAT,Pediatrician,No Address Available,Pediatrician
Dr. Mian Jawad Ahmed,GUJRAT,Pediatrician,"Al-Majeed Children Hospital, Dinga, Gujrat",Pediatrician
Dr. Waqar Masood,GUJRAT,Pediatrician,No Address Available,Pediatrician
Dr. Usman Ali,GUJRAT,Pediatrician,"Noor Fatima Hospital, Dinga Road, Gujrat",Pediatrician
Dr. Aisha Razzaq,GUJRAT,Pediatrician,"Waqas medical complex, Bhimber road, Gujrat",Pediatrician
Asst. Prof. Dr. Mujahid Israr,GUJRAT,"Gastroenterologist, Liver Specialist, General Physician, Internal Medicine Specialist","Ikram Hospital, Marghzar Colony, Gujrat","Gastroenterologist, Liver Specialist, General Physician, Internal Medicine Specialist"
Dr. Syed Babar Hussnain,GUJRAT,"General Physician, General Physician, Gastroenterologist, Diabetologist","Al Muzammil Medical Center, Marghzar Colony, Gujrat","General Physician, General Physician, Gastroenterologist, Diabetologist"
Dr. Hafiz Adnan Aslam,GUJRAT,General Physician,No Address Available,General Physician
Dr. Abdul Haseeb,GUJRAT,General Physician,"Sahara Hospital, Main Bazar, Lalamusa",General Physician
Dr. Aqib Hanif,GUJRAT,General Physician,No Address Available,General Physician
Dr. Azaz Ali,GUJRAT,General Physician,No Address Available,General Physician
Dr. Pervez Ellahi,GUJRAT,General Physician,No Address Available,General Physician
Dr. Rabia,GUJRAT,General Physician,No Address Available,General Physician
Dr. Talha Ejaz,GUJRAT,General Physician,"MY Dentist Clinic, Mamada, Gujrat",General Physician
Dr. Syed Sulman Masood,GUJRAT,General Physician,"MY Dentist Clinic, Mamada, Gujrat",General Physician
Dr. Madiha Khalid,GUJRAT,General Physician,No Address Available,General Physician
Dr. Khansa Tariq,GUJRAT,Family Medicine,No Address Available,Family Medicine
Dr. Myra Liaqat,GUJRAT,Nephrologist,"Family Health Clinic, Bhimber road, Gujrat",Nephrologist
Dr. Sumreen Khan,GUJRAT,Ent Specialist,No Address Available,Ent Specialist
Dr. Sehrish Jabeen,HAFIZABAD,Gynecologist,"Dhq Hospital, Main Bazar, Hafizabad",Gynecologist
Prof. Dr. Brig Zaka Ullah Malik,HAFIZABAD,Orthopedic Surgeon,"Zam Zam Hospital, Bypass, Hafizabad",Orthopedic Surgeon
Dr. Maryam Saqib,HAFIZABAD,Pediatrician,"Saqib Bashir General Hospital, Thatha Phattak, Hafizabad",Pediatrician
Dr. Muhammad Awais,HAFIZABAD,Pediatrician,"BabyCare Clinic, Madrianwala Road, Hafizabad",Pediatrician
Dr. Abdul Samad Rasheed,HAFIZABAD,Pediatrician,"Eman Medical Tower, Main Hafizabaad, Hafizabad",Pediatrician
Dr. Abdullah Sarfraz Cheema,HAFIZABAD,General Physician,No Address Available,General Physician
Dr. Mirza Inam Ullah,HAFIZABAD,General Physician,No Address Available,General Physician
Dr. Waqas Ahmad,HAFIZABAD,General Physician,"Dhq Hospital, Main Bazar, Hafizabad",General Physician
Dr. Zainab,HAFIZABAD,Gynecologist,No Address Available,Gynecologist
Dr. Tariq Ali,HAFIZABAD,General Physician,"Home Visits (Hafizabad) Hospital, Hafizabad City, Hafizabad",General Physician
Dr. Rana Haseeb Nasir,HAFIZABAD,General Physician,"Dhq Hospital, Main Bazar, Hafizabad",General Physician
Dr. Hasham Ameen,HAFIZABAD,General Physician,No Address Available,General Physician
Dr. Shahzad Ahmad,HAFIZABAD,General Physician,"Dhq Hospital, Main Bazar, Hafizabad",General Physician
Dr. Zeeshan Saeed,HAFIZABAD,Nephrologist,"Eman Medical Tower, Main Hafizabaad, Hafizabad",Nephrologist
Dr. Umar Niazi,HANGU,Urologist,"Hangu Medical Complex Hospital, Hangu,Khyber Pahktunkhwa, Hangu",Urologist
Dr. Muhammad Atif Khan,HANGU,General Physician,"Hangu Medical Complex Hospital, Hangu,Khyber Pahktunkhwa, Hangu",General Physician
Dr. Niaz Akbar Afridi,HARIPUR,Dermatologist,"Allama Iqbal Hospital Haripur, Harbor, Haripur",Dermatologist
Dr. Faizan Ali,HARIPUR,Dermatologist,"Faizan Skin Care Clinic, Mohalla Asifabad, Haripur",Dermatologist
Dr. Zahid Hassan,HARIPUR,Neurologist,"IDC- ABBOTABAD, ground floor, Abbottabad",Neurologist
Dr. Malik Ehsan,HARIPUR,Neurologist,"Allama Iqbal Hospital Haripur, Harbor, Haripur",Neurologist
Dr. Nadia Abdullah,HARIPUR,Gynecologist,"NOOR SURGICAL HOSPITAL, Haripur, Haripur",Gynecologist
Dr. Farah Khan,HARIPUR,Gynecologist,"Zaitoon Medical Center, Near DHQ hospital, Abbottabad",Gynecologist
Dr. Ayesha Imtiaz,HARIPUR,Gynecologist,"Allama Iqbal Hospital Haripur, Harbor, Haripur",Gynecologist
Dr. Syed Danish Mehmood,HARIPUR,Orthopedic Surgeon,"Allama Iqbal Hospital Haripur, Harbor, Haripur",Orthopedic Surgeon
Asst. Prof. Dr. Muhammad Basharat,HARIPUR,Orthopedic Surgeon,"Yahya Hospital Haripur, Abbottabad Rd, Haripur",Orthopedic Surgeon
Dr. Syed Ali Abbas,HARIPUR,Orthopedic Surgeon,No Address Available,Orthopedic Surgeon
Dr. Najam Siddiqui,HARIPUR,Pediatrician,"Allama Iqbal Hospital Haripur, Harbor, Haripur",Pediatrician
Dr. Muhammad Jahangir Khan Afridi,HARIPUR,Pediatrician,"City Hospital, Gisako Colony, Peshawar",Pediatrician
Dr. Arif Hussain,HARIPUR,Pediatrician,"Allama Iqbal Hospital Haripur, Harbor, Haripur",Pediatrician
Dr. Ouun Ali,HARIPUR,Family Medicine,"Dr. Ouun Ali, Haripur, Haripur",Family Medicine
Dr. Muhammad Adnan,HARIPUR,General Physician,No Address Available,General Physician
Dr. Javeeda Hashmi,HARIPUR,General Physician,"Alhashmi Hospital Dr Jamil Ahmed Hashmi, Saddar Bazar, Haripur",General Physician
Dr. Anfal Tahir,HARIPUR,General Physician,"Allama Iqbal Hospital Haripur, Harbor, Haripur",General Physician
Dr. Zahid Qamar,HARIPUR,General Physician,"ONE Specialized Hospital &amp; Diagnostic Centre, Doctors Colony, Haripur",General Physician
Prof. Dr. Abdullah Naeem Syed,HARIPUR,"Eye Surgeon, Eye Specialist","NOOR SURGICAL HOSPITAL, Haripur, Haripur","Eye Surgeon, Eye Specialist"
Dr. Sunita Nankani,HYDERABAD,Dermatologist,"St. Elizabeth Hospital (American Hospital), Latifabad, Hyderabad",Dermatologist
Dr. Rauf Haroon Memon,HYDERABAD,Dermatologist,"Jeejal Maa Hospital, Qasimabad, Hyderabad",Dermatologist
Dr. Farid Shaikh,HYDERABAD,"Dermatologist, Dermatologist","Skincare Centre, Saddar, Hyderabad","Dermatologist, Dermatologist"
Asst. Prof. Dr. Quratulain Memon,HYDERABAD,Dermatologist,"Real Time Laboratary, Saddar, Hyderabad",Dermatologist
Dr. Zulfiqar Ali,HYDERABAD,Dermatologist,"Cutis Skin &amp; Laser Centre, Saddar, Hyderabad",Dermatologist
Dr. Sana Mughal,HYDERABAD,Dermatologist,"Luminous Skin Aesthetic Clinic, Phase 1, Hyderabad",Dermatologist
Dr. Mehak Shaikh,HYDERABAD,Dermatologist,"Shaikh Diagnostic Center, Latifabad, Hyderabad",Dermatologist
Dr. Asma Hassan,HYDERABAD,Dermatologist,"Dr. Asma Hassan Clinic, Latifabad Unit # 6, Hyderabad",Dermatologist
Dr. Deepa Rajani,HYDERABAD,Dermatologist,"Dr Nadeem Moin Clinic, Latifabad, Hyderabad",Dermatologist
Dr. Sadaf Riaz,HYDERABAD,Dermatologist,"Farah Consulting Chambers, Latifabad, Hyderabad",Dermatologist
Dr. Faryal Hussain Memon,HYDERABAD,Dermatologist,No Address Available,Dermatologist
Dr. Abida Ishtiaq,HYDERABAD,Dermatologist,No Address Available,Dermatologist
Dr. Masood Uz Zaman,HYDERABAD,Neurologist,"The Neuro Clinic, Saddar, Hyderabad",Neurologist
Dr. Rekha Kumari,HYDERABAD,Neurologist,"Advance MRI &amp; Diagnostic Center, Jamshoro Road, Hyderabad",Neurologist
Dr. Bashir Ahmed Soomro,HYDERABAD,Neurologist,No Address Available,Neurologist
Dr. Anwar M Qureshi,HYDERABAD,Neurologist,"Neuro Medical Centre, Latifabad, Hyderabad",Neurologist
Dr. Ambreen Ghori,HYDERABAD,Gynecologist,"St. Elizabeth Hospital, Latifabad, Hyderabad",Gynecologist
Asst. Prof. Dr. Anita Roshan,HYDERABAD,Gynecologist,"Jeejal Maa Hospital, Qasimabad, Hyderabad",Gynecologist
Dr. Khalida Avesi,HYDERABAD,Gynecologist,"Sehat Maternity And Child Hospital, (Opposite Police station Defence A on Ghazi road), Hyderabad",Gynecologist
Dr. Erum Memon,HYDERABAD,Gynecologist,"Mehmood Hospital, Qasimabad, Hyderabad",Gynecologist
Dr. Sadia Kadir,HYDERABAD,Gynecologist,No Address Available,Gynecologist
Dr. Razia Anees,HYDERABAD,Gynecologist,"Wapda Hospital, Hussainabad, Hyderabad",Gynecologist
Dr. Haleema Sadia,HYDERABAD,Gynecologist,No Address Available,Gynecologist
Dr. Anila Mujadid Qureshi,HYDERABAD,Gynecologist,"Ibne Qasim hospital, Qasimabad, Hyderabad",Gynecologist
Dr. Huma Soomro,HYDERABAD,Gynecologist,"Sindh Trauma Medical Center, Main Jamshoro Road, Hyderabad",Gynecologist
Dr. Kiran,HYDERABAD,Gynecologist,"Sindh Trauma Medical Center, Main Jamshoro Road, Hyderabad",Gynecologist
Dr. Ruksana Soomro,HYDERABAD,Gynecologist,"Sindh Trauma Medical Center, Main Jamshoro Road, Hyderabad",Gynecologist
Dr. Shaista Asif,HYDERABAD,Gynecologist,"Sehat maternity and child hospital, (Opposite Police station Defence A on Ghazi road), Hyderabad",Gynecologist
Assoc. Prof. Dr. Imran Memon,HYDERABAD,Urologist,"Sindh diagnostic center, Sadar, Hyderabad",Urologist
Dr. Salman Manzoor,HYDERABAD,Urologist,"Asian Lab / Usra University Hospital &amp; Diagnostic Lab, Latifabad, Hyderabad",Urologist
Dr. Kashif Ud Din Qayum Soomro,HYDERABAD,"Urologist, Andrologist, Sexologist","Doctors Line Hospital, Saddar, Hyderabad","Urologist, Andrologist, Sexologist"
Dr. Zainab,HYDERABAD,Gastroenterologist,No Address Available,Gastroenterologist
Asst. Prof. Dr. Adil Hassan Chang,HYDERABAD,Gastroenterologist,"Royal luxuria Advance mri and diagnostic center, Sindh, Hyderabad",Gastroenterologist
Asst. Prof. Dr. Shakir Hussain,HYDERABAD,Gastroenterologist,"Real time chamber, Sadar, Hyderabad",Gastroenterologist
Dr. Majid Ali Soomro,HYDERABAD,Gastroenterologist,"Dr Majid Ali Soomro Hospital, Saddar, Hyderabad",Gastroenterologist
Dr. Mohammad Akhbar,HYDERABAD,Gastroenterologist,"Asian Institute Of Medical Sciences Hospital, Near Isra University Hospital, Hyderabad",Gastroenterologist
Dr. Abdul Sattar Memon,HYDERABAD,Gastroenterologist,"Advance Mri And Diagnostic Centre, Saddar, Hyderabad",Gastroenterologist
Dr. Akram Bajwa,HYDERABAD,Gastroenterologist,"Dr Akram Bajwa Clinic, Saddar, Hyderabad",Gastroenterologist
Prof. Dr. Rasheed Ahmed Shaikh,HYDERABAD,Gastroenterologist,"Doctors Line Hospital, Saddar, Hyderabad",Gastroenterologist
Asst. Prof. Dr. Mubeen Ahmed Memon,HYDERABAD,Pulmonologist / Lung Specialist,"Indus Hospital, Ghareebabad, Nawabshah",Pulmonologist / Lung Specialist
Dr. Roshan Ali Memon,HYDERABAD,"Pulmonologist / Lung Specialist, Cardiologist","Farah Consulting Chambers, Latifabad, Hyderabad","Pulmonologist / Lung Specialist, Cardiologist"
Dr. Jawed Ulhadi Memon,HYDERABAD,Pulmonologist / Lung Specialist,"Data Medicare Hospital, Qasimabad, Hyderabad",Pulmonologist / Lung Specialist
Dr. Noman Ahmed,HYDERABAD,Pulmonologist / Lung Specialist,"Hilal-e-Ahmer Red Crescent General Hospital, Latifabad, Hyderabad",Pulmonologist / Lung Specialist
Dr. Sagheer Hussain,HYDERABAD,Pulmonologist / Lung Specialist,"Quaid-e-Azam Centre, Cantonment, Hyderabad, Hyderabad",Pulmonologist / Lung Specialist
Dr. Ishfaq Ali Kehar,HYDERABAD,Chest Respiratory Specialist,No Address Available,Chest Respiratory Specialist
Dr. Noorullah,HYDERABAD,Chest Respiratory Specialist,No Address Available,Chest Respiratory Specialist
Dr. Ghulam Murtaza,HYDERABAD,Pulmonologist / Lung Specialist,"Services Hospital Hyderabad, Qasimabad, Hyderabad",Pulmonologist / Lung Specialist
Dr. Gulzar Hussain Qureshi,HYDERABAD,Pulmonologist / Lung Specialist,"Doctors Line Hospital, Saddar, Hyderabad",Pulmonologist / Lung Specialist
Dr. Shohab Hyder Shaikh,HYDERABAD,Orthopedic Surgeon,"Najeeb Medical Complex, Sakrand road, Nawabshah",Orthopedic Surgeon
Dr. Asif Ali,HYDERABAD,Orthopedic Surgeon,"Ibne Qasim hospital, Qasimabad, Hyderabad",Orthopedic Surgeon
Dr. Raheel Akbar Baloch,HYDERABAD,Orthopedic Surgeon,"Ameen Diagnostic Center, Old civil line near excise office, Mirpur",Orthopedic Surgeon
Dr. Niaz Hussain,HYDERABAD,Orthopedic Surgeon,"Jeejal Maa Hospital, Qasimabad, Hyderabad",Orthopedic Surgeon
Dr. Asim Niaz,HYDERABAD,Orthopedic Surgeon,No Address Available,Orthopedic Surgeon
Asst. Prof. Dr. Mohsin Aijaz Soomro,HYDERABAD,Orthopedic Surgeon,"Sindh Trauma Medical Center, Main Jamshoro Road, Hyderabad",Orthopedic Surgeon
Dr. Jahanzeb Hassan,HYDERABAD,Orthopedic Surgeon,No Address Available,Orthopedic Surgeon
Dr. Muhammad Shahid Khan,HYDERABAD,Orthopedic Surgeon,"Aga Khan Maternal &amp; Child Care Centre, Jamshoro Road, Hyderabad",Orthopedic Surgeon
Dr. Najeeb Ur Rehman,HYDERABAD,Orthopedic Surgeon,"Jeejal Maa Hospital, Qasimabad, Hyderabad",Orthopedic Surgeon
Prof. Dr. Khalique Ahmed,HYDERABAD,Orthopedic Surgeon,"Isra University Hospital, Mirpur Khas Road, Hyderabad",Orthopedic Surgeon
Dr. Gulzar Saeed Khawaja,HYDERABAD,Orthopedic Surgeon,"CMH (Hyderabad), Cant, Hyderabad",Orthopedic Surgeon
Prof. Dr. Abdur Rehman Shaikh,HYDERABAD,Orthopedic Surgeon,"Pakistan Medical Center, Near Civil Hospital, Hyderabad",Orthopedic Surgeon
Prof. Dr. Muhammad Akbar Nizamani,HYDERABAD,Pediatrician,"Ayan Medical Centre, Saddar, Hyderabad",Pediatrician
Dr. Waqar Mangrio,HYDERABAD,Pediatrician,No Address Available,Pediatrician
Dr. Saima Shaikh,HYDERABAD,Pediatrician,No Address Available,Pediatrician
Dr. Muhammad Shoaib,HYDERABAD,Pediatrician,"I.R Medicare, Latifabad, Hyderabad",Pediatrician
Dr. Sunail Abbas Khuwaja,HYDERABAD,Pediatrician,No Address Available,Pediatrician
Dr. Saeed Ahmed Shaikh,HYDERABAD,Pediatrician,"Sehat maternity and child hospital, (Opposite Police station Defence A on Ghazi road), Hyderabad",Pediatrician
Dr. Mumtaz Ali,HYDERABAD,Pediatrician,"Al-Khidmat Hospital Mother &amp; Child Healthcare, Latifabad, Hyderabad",Pediatrician
Dr. Saqib Raza,HYDERABAD,Pediatrician,"Khidmat E Khalq Foundation Hospital, Opp Railway Station, Hyderabad",Pediatrician
Dr. Suresh Kumar,HYDERABAD,Pediatrician,"St. Elizabeth Hospital, Latifabad, Hyderabad",Pediatrician
Dr. Nr Veerwani,HYDERABAD,Pediatrician,"Home Visit, Qasimabad, Hyderabad",Pediatrician
Dr. Javed Hussain,HYDERABAD,Pediatrician,"Mehran Hospital, Qasimabad, Hyderabad",Pediatrician
Dr. Abdul Rehman Syial,HYDERABAD,Pediatrician,"Aga Khan Maternal &amp; Child Care Centre, Jamshoro Road, Hyderabad",Pediatrician
Dr. Sultan Ahmed,HYDERABAD,"Internal Medicine Specialist, General Physician, Endocrinologist, Diabetologist","Advanced MRI Diagnostic Centre, Qasimabad, Hyderabad","Internal Medicine Specialist, General Physician, Endocrinologist, Diabetologist"
Dr. M Amin Memon,HYDERABAD,General Physician,"Care and Cure Medical And Surgical Clinic, Naseem Nagar, Hyderabad",General Physician
Dr. Sanam Faisal,HYDERABAD,General Physician,"Nursing Home Care, Qasimabad, Hyderabad",General Physician
Dr. Rachhpal Virwani,HYDERABAD,Cardiologist,No Address Available,Cardiologist
Dr. Asif Talpur,HYDERABAD,General Physician,No Address Available,General Physician
Dr. Paras,HYDERABAD,General Physician,No Address Available,General Physician
Dr. Ummulbaneen Aijaz,HYDERABAD,General Physician,No Address Available,General Physician
Dr. Nayab Samar,HYDERABAD,Cosmetic Surgeon,No Address Available,Cosmetic Surgeon
Dr. Saba Mir,HYDERABAD,General Physician,"Ahmed Khan Hospital, Phase 2 Qasimabad, Hyderabad",General Physician
Dr. Annam Bhutto,HYDERABAD,Cardiologist,No Address Available,Cardiologist
Dr. Rahila Amjad,HYDERABAD,Dermatologist,No Address Available,Dermatologist
Dr. Wamiq Anjum,HYDERABAD,General Physician,No Address Available,General Physician
Dr. Tanveer Shaikh,HYDERABAD,Nephrologist,"Red Crescent General Hospital / Hilal-e-Ahmer, minara road, Sukkur",Nephrologist
Dr. Kashif Ud Din Qayum Soomro,HYDERABAD,"Urologist, Andrologist, Sexologist","Doctors Line Hospital, Saddar, Hyderabad","Urologist, Andrologist, Sexologist"
Dr. Syed Abdul Aleem,HYDERABAD,Ent Specialist,"Doctors Line Hospital, Saddar, Hyderabad",Ent Specialist
Dr. Rais-uddin Siddique,HYDERABAD,Ent Specialist,"Doctors Line Hospital, Saddar, Hyderabad",Ent Specialist
Prof. Dr. Gul Muhammad Memon,HYDERABAD,Ent Specialist,"14/7 Avenue, Civil Lines, Hyderabad",Ent Specialist
Dr. Lubna Zubair Alam,HYDERABAD,Ent Specialist,"20/A, Al-Mustafa Homes, Latifabad, Hyderabad",Ent Specialist
Dr. Muhammad Shafi Shaikh,HYDERABAD,Ent Specialist,"Near Hassan X-Ray, 0, Hyderabad",Ent Specialist
Dr. Roopchand P-lillani,HYDERABAD,Ent Specialist,"Gareeb Nawaz Colony, 0, Hyderabad",Ent Specialist
Dr. Jamil Ahmed,HYDERABAD,Eye Surgeon,"Laser Sight Advanced Laser Eye Clinic, Latifabad, Hyderabad",Eye Surgeon
Asst. Prof. Dr. Azfar Ahmed Mirza,HYDERABAD,Eye Surgeon,"Laser Sight Advanced Laser Eye Clinic, Latifabad, Hyderabad",Eye Surgeon
Dr. Nusrat Shah Khan,HYDERABAD,Eye Surgeon,"Abeer Eye Clinic, Latifabad, Hyderabad",Eye Surgeon
Dr. Irfan Ali Shah,HYDERABAD,Neuro Surgeon,"City Hospital, Saadi Town, Karachi",Neuro Surgeon
Dr. Sanaullah Pathan,HYDERABAD,Neuro Surgeon,"Sehat Medical and Trauma Center, Latifabad, Hyderabad",Neuro Surgeon
Dr. Muhammad Hamid Ali,HYDERABAD,Neuro Surgeon,"Sehat Medical and Trauma Center, Latifabad, Hyderabad",Neuro Surgeon
Dr. Abdul Manan,HYDERABAD,Neuro Surgeon,"Isra University Hospital, Mirpur Khas Road, Hyderabad",Neuro Surgeon
Asst. Prof. Dr. Tuncay Tas,ISTANBUL,Urologist,"Istanbul Cerrahi Hospital, Sisli, Istanbul",Urologist
Dr. Rasim Guzel,ISTANBUL,Urologist,"Medistate Kavacik Hospital, Kavacik Beykoz, Istanbul",Urologist
Assoc. Prof. Dr. Kaya Husnu Akan,ISTANBUL,Orthopedic Surgeon,"Okan University Hospital, Tuzla Turkey, Istanbul",Orthopedic Surgeon
Dr. Mustafa Tekkesin,ISTANBUL,Orthopedic Surgeon,"Medistate Kavacik Hospital, Kavacik Beykoz, Istanbul",Orthopedic Surgeon
Dr. Fatma Cakmak Celik,ISTANBUL,Pediatrician,"Medistate Kavacik Hospital, Kavacik Beykoz, Istanbul",Pediatrician
Dr. Tayfun Oguzoglu,ISTANBUL,General Physician,"Medistate Kavacik Hospital, Kavacik Beykoz, Istanbul",General Physician
Dr. Berrin Toksu,ISTANBUL,Eye Surgeon,"Istanbul Cerrahi Hospital, Sisli, Istanbul",Eye Surgeon
Dr. Nihal Balcioglu,ISTANBUL,Eye Surgeon,"Medistate Kavacik Hospital, Kavacik Beykoz, Istanbul",Eye Surgeon
Dr. Ahmet Ogrenci,ISTANBUL,Neuro Surgeon,"Okan University Hospital, Tuzla Turkey, Istanbul",Neuro Surgeon
Dr. Hayati Turker,IZMIR,Eye Surgeon,"Netgoz Eye Hospital, YalÄ± Mahallesi, Izmir",Eye Surgeon
Dr. Sohail Ahmed Khan,JACOBABAD,Dermatologist,No Address Available,Dermatologist
Dr. Hira Tariq,JACOBABAD,General Physician,No Address Available,General Physician
Dr. Asad Ghani,JACOBABAD,General Physician,"Civil Hospital Jacobabad, Dastagir road, Jacobabad",General Physician
Dr. Atif Gul,JAMSHORO,Dermatologist,"Shahbaz Medical Center, Phase 1, Jamshoro",Dermatologist
Dr. Sanam Shah,JAMSHORO,Gynecologist,"Matrinity home, Sindh, Jamshoro",Gynecologist
Dr. Nosheen Shehzad,JAMSHORO,Gynecologist,"Dr. Nosheen Shahzad Nizamani Clinic, sindh university employ cooperative housing society, Jamshoro",Gynecologist
Dr. Amna Memon,JAMSHORO,Gynecologist,"Liaquat University of Medical and Health Sciences, 0, Jamshoro",Gynecologist
Dr. Zainab Shahid,JAMSHORO,Ent Specialist,No Address Available,Ent Specialist
Dr. Noreen Bilal,JARANWALA,Gynecologist,"Chattha Hospital, Faisalabad Road, Jaranwala",Gynecologist
Dr. Inam Ul Haq,JARANWALA,Gastroenterologist,"Doctors Center, water works road, Jaranwala",Gastroenterologist
Dr. Waqar Chudhary,JARANWALA,General Physician,"Chattha Hospital, Faisalabad Road, Jaranwala",General Physician
Dr. Waseem Zaman,JAUHARABAD,Dermatologist,"Raja Sarfaraz Memorial Hospital, punjab, Jauharabad",Dermatologist
Dr. Ehsan Kalera,JAUHARABAD,Dermatologist,"Al Noor Hospital Jauharabad, Khushab, Jauharabad",Dermatologist
Dr. Syeda Zahra Zafar Naqvi,JAUHARABAD,Gynecologist,"Al Zahra Hospital, Main DHQ Road, Jauharabad",Gynecologist
Dr. Nosheen Afzal Malik,JAUHARABAD,Gynecologist,No Address Available,Gynecologist
Asst. Prof. Dr. Nabeel Shafi,JAUHARABAD,Urologist,"Awan Hospital, Jauharabad, Khushab",Urologist
Dr. Irfan Ahmad,JAUHARABAD,General Physician,No Address Available,General Physician
Dr. Iqra Javaid,JAUHARABAD,General Physician,No Address Available,General Physician
Dr. Bushra Batool,JAUHARABAD,General Physician,"Askari homeo health care clinic, Khushab, Jauharabad",General Physician
Dr. Faiza Malik,JAUHARABAD,Ent Specialist,No Address Available,Ent Specialist
Dr. Nuzhat Fatima,JHANG,Gynecologist,"Dr. Nuzhat Fatima Clinic, mohalla burji wala, Jhang",Gynecologist
Dr. Rahat Farwa,JHANG,Gynecologist,"Salman Neuro Centre, BHAKKAR, Jhang",Gynecologist
Dr. Zain Ul Abdeen,JHANG,Gastroenterologist,"Wajahat Shaheed Gastro Clinic, Setellite Town, Jhang",Gastroenterologist
Dr. Muhammad Jamil Mohsin,JHANG,Orthopedic Surgeon,"Kaleem Medicare, Sadar, Jhang",Orthopedic Surgeon
Dr. Muhammad Waqas,JHANG,Orthopedic Surgeon,No Address Available,Orthopedic Surgeon
Dr. Rai Khizar Bhatti,JHANG,Orthopedic Surgeon,No Address Available,Orthopedic Surgeon
Dr. Hafiz Iftikhar Hussain Sajoka,JHANG,Pediatrician,"Al-Hassan Children Clinic Jhang, Chiniot Road, Jhang",Pediatrician
Dr. Nasir Baloch,JHANG,Pediatrician,No Address Available,Pediatrician
Dr. Sobia Khaliq,JHANG,Pediatrician,No Address Available,Pediatrician
Dr. Abbas Ali Shah,JHANG,General Physician,"Home Visits, DHA Defence, Lahore",General Physician
Dr. Sajjad Malik,JHANG,General Physician,No Address Available,General Physician
Dr. Sohaib Raza Siyal,JHANG,General Physician,No Address Available,General Physician
Dr. Muhammad Sajid Sial,JHANG,General Physician,No Address Available,General Physician
Dr. Ahmad Farhan,JHANG,General Physician,"Dr. Rao Arshad Clinic, punjab, Jhang",General Physician
Dr. Malik Aftab Afzal,JHELUM,Dermatologist,"Aesthetics Lounge (F 11), Islamabad, Islamabad",Dermatologist
Dr. Brig. Mehmood Ahmad,JHELUM,Dermatologist,"Cmh Hospital, Cantt, Jhelum",Dermatologist
Dr. Muhammad Suhail Amin,JHELUM,Dermatologist,"Cmh Hospital, Cantt, Jhelum",Dermatologist
Dr. Sarmad Hafeez,JHELUM,Gynecologist,"Sarmad Hospital, Mohalla Islampura, Jhelum",Gynecologist
Dr. Sara Noor,JHELUM,Gynecologist,No Address Available,Gynecologist
Dr. Ambreen Shabbir,JHELUM,Gynecologist,"Heart Centre Jhelum, Machine Mohalla No.3 Jhelum, OLD GT road, Jhelum",Gynecologist
Dr. Ahsan Ayub,JHELUM,Urologist,"Imtiaz medical center, DHQ hospital, Jhelum",Urologist
Dr. Hafeez Ur Rehman,JHELUM,Pulmonologist / Lung Specialist,"Sarmad Hospital, Mohalla Islampura, Jhelum",Pulmonologist / Lung Specialist
Dr. Sohail Hafeez (ltcol),JHELUM,Orthopedic Surgeon,"Cmh Hospital, Cantt, Jhelum",Orthopedic Surgeon
Dr. Ibrahim Pasha (lf-col),JHELUM,Orthopedic Surgeon,"Cmh Hospital, Cantt, Jhelum",Orthopedic Surgeon
Dr. M Asad Qureshi,JHELUM,Orthopedic Surgeon,"Cmh Hospital, Cantt, Jhelum",Orthopedic Surgeon
Dr. Daud Raza,JHELUM,Orthopedic Surgeon,"Cmh Hospital, Cantt, Jhelum",Orthopedic Surgeon
Dr. Lt Col R Zafar Iqbal Zafar,JHELUM,Pediatrician,"Khadim Ali Memorial Hospital, Machine Mohalla, Jhelum",Pediatrician
Dr. Misbah Yousaf,JHELUM,Pediatrician,No Address Available,Pediatrician
Dr. Maryam Zulfiqar,JHELUM,Pediatrician,No Address Available,Pediatrician
Dr. Muhammad Sufian Pasha,JHELUM,General Physician,"Ch. Pervaiz Elahi Institute Of Cardiology Hospital, Dera Adda, Multan",General Physician
Dr. Aftab Alam,JHELUM,General Physician,"Cmh Hospital, Cantt, Jhelum",General Physician
Dr. Saleha Mushtaq,JHELUM,General Physician,No Address Available,General Physician
Dr. Gul Jabeen,JHELUM,General Physician,No Address Available,General Physician
Dr. Muhammad Umair Iqbal,JHELUM,General Physician,No Address Available,General Physician
Dr. Shafia Arshad,JHELUM,General Physician,No Address Available,General Physician
Dr. Sohaib Khalid,JHELUM,General Physician,"Wapda Hospital (Mangla), Sector D-3 New Mirpur City, Azad Jammu and Kashmir, Mirpur",General Physician
Dr. Tanzeela Aslam,JHELUM,General Physician,No Address Available,General Physician
Dr. Sharjeel Ahmed,JHELUM,General Physician,"Zahidi Hospital, Jandala, Bhimber",General Physician
Dr. Aamir Khan,JHELUM,General Physician,No Address Available,General Physician
Dr. Israr Ahmed,JHELUM,General Physician,No Address Available,General Physician
Dr. M Omer Chadhar,JHELUM,General Physician,No Address Available,General Physician
Dr. Amir Sultan Sabir,JHELUM,General Practitioner,"Jhelum Medical Centre, Near DHQ hospital, Jhelum",General Practitioner
Dr. Mohsin Tahir,JHELUM,Ent Specialist,No Address Available,Ent Specialist
Dr. Ammar Bin Ahsan,JHELUM,Neuro Surgeon,"Captain Muazzam Ali Shaheed Hospital, Kala Gujran, Jhelum",Neuro Surgeon
Dr. Muhammad Jazib Ijaz,JHELUM,Neuro Surgeon,"Sarmad Hospital, Mohalla Islampura, Jhelum",Neuro Surgeon
Dr. Meesam Raza Bhutta,KABIRWALA,General Physician,"Bhutta Clinic, Khanewal Road, Kabirwala",General Physician
Dr. Rabia Ishfaq,KAMOKE,Dermatologist,"Al Shifa Surgical Hospital, Kamoke, Kamoke",Dermatologist
Dr. Mehwish Ahtsham,KAMOKE,Gynecologist,"Siddique medicare Hospital, Pak Town, Kamoke",Gynecologist
Dr. Shahid Munir,KAMOKE,Gastroenterologist,"Siddique medicare Hospital, Pak Town, Kamoke",Gastroenterologist
Dr. Khurram Bashir,KAMOKE,Orthopedic Surgeon,"Rahat Abdul Gufar Medical Complex, Eminabad, Gujranwala",Orthopedic Surgeon
Dr. Sarmad Saleem,KAMOKE,General Physician,"Lahore General Hospital, Ferozepur Road, Lahore",General Physician
Dr. Nadeem Sohail,KAMOKE,"Eye Specialist, Eye Surgeon","Shifa Eye Hospital Kamoke, GT Road, Kamoke","Eye Specialist, Eye Surgeon"
Dr. Ishtiaque Ahmed,KANDIARO,Dermatologist,"Mehran Medical Centr Hospital, Dist. Noasharo Feroze, Kandiaro",Dermatologist
Dr. Anil Kumar,KASHMOR,Dermatologist,"Skin Care Hospital, kashmoor, Kashmor",Dermatologist
Dr. M.awais Khan,KASUR,Dermatologist,"Wali Hospital, Kasur City, Kasur",Dermatologist
Dr. Ammar Yasir,KASUR,Neurologist,"Allama Iqbal Hospital, DHQ hospital, Kasur",Neurologist
Dr. Khawaja Muhammad Ali,KASUR,Neurologist,"Al Rehman Hospital, Al Rehman Garden Phase 2, Lahore",Neurologist
Dr. Safdar Iqbal,KASUR,Gynecologist,"Ashraf Medical Surgical Complex &amp; Delivery Home, kasur, Kasur",Gynecologist
Prof. Dr. Yousaf Latif,KASUR,Gynecologist,"Arif Memorial Speciality Clinics And Diagnostic Center, Tariq Colony, Kasur",Gynecologist
Dr. Memoona,KASUR,Gynecologist,"Arif Memorial Speciality Clinics And Diagnostic Center, Tariq Colony, Kasur",Gynecologist
Asst. Prof. Dr. Arjmand Iftikhar,KASUR,Gynecologist,"Arif Memorial Speciality Clinics And Diagnostic Center, Tariq Colony, Kasur",Gynecologist
Prof. Dr. Farrukh Zaman Khan,KASUR,Gynecologist,"Hameed Latif Hospital, Garden Town, Lahore",Gynecologist
Asst. Prof. Dr. Lamia Yousaf,KASUR,Gynecologist,"Arif Memorial Speciality Clinics And Diagnostic Center, Tariq Colony, Kasur",Gynecologist
Dr. Kamran Zadi,KASUR,Urologist,"Wali Hospital, Kasur City, Kasur",Urologist
Dr. Muhammad Ahmed Nawaz Khan,KASUR,Orthopedic Surgeon,"National Hospital, Irrigation Colony, Kasur",Orthopedic Surgeon
Dr. A J A Samdani,KASUR,Pediatrician,"Arif Memorial Speciality Clinics And Diagnostic Center, Tariq Colony, Kasur",Pediatrician
Dr. Hafiz Fatim Jawad,KASUR,General Physician,"Abdul Qadir Poly Clinic, district khudian khaas, Kasur",General Physician
Dr. Anam Sana,KASUR,General Physician,No Address Available,General Physician
Dr. Muhammad Usman Habib,KASUR,Pediatrician,No Address Available,Pediatrician
Asst. Prof. Dr. Zaheer Akhtar,KASUR,General Physician,"Wali Hospital, Kasur City, Kasur",General Physician
Dr. Usman Saleem,KASUR,General Physician,"Arif Memorial Speciality Clinics And Diagnostic Center, Tariq Colony, Kasur",General Physician
Asst. Prof. Dr. Raheel,KASUR,General Physician,"Arif Memorial Speciality Clinics And Diagnostic Center, Tariq Colony, Kasur",General Physician
Asst. Prof. Dr. Sadaf Yousaf,KASUR,General Physician,"Arif Memorial Speciality Clinics And Diagnostic Center, Tariq Colony, Kasur",General Physician
Dr. Asim Hameed,KASUR,General Physician,"Arif Memorial Speciality Clinics And Diagnostic Center, Tariq Colony, Kasur",General Physician
Dr. Naeem Farakh,KASUR,General Physician,"Family Medical Center, Qadirabad, Kasur",General Physician
Asst. Prof. Dr. M. Atif Qureshi,KASUR,General Physician,"Sharif Medical Complex Hospital, Kasur City, Kasur",General Physician
Prof. Dr. Fawad Shafique,KASUR,General Physician,"Bhatti International Hospital, Raiwand Road, Kasur",General Physician
Dr. Rukhsar Ahmad,KASUR,General Physician,"Bhatti International Hospital, Raiwand Road, Kasur",General Physician
Mohammad Zafar Iqbal,KASUR,"Psychologist, Homeopath, Sexologist","KHAWB KONSULTINGS Health &amp;wellbeing, Mustafabad, Kasur","Psychologist, Homeopath, Sexologist"
Asst. Prof. Dr. Tarique Ali Sheikh,KASUR,"Ent Specialist, Ent Surgeon","Sharif Medical Complex Hospital, Kasur City, Kasur","Ent Specialist, Ent Surgeon"
Asst. Prof. Dr. Mazhar Iftikhar,KASUR,Ent Specialist,"Wali Hospital, Kasur City, Kasur",Ent Specialist
Prof. Dr. Babar Hussain,KASUR,Ent Specialist,"Arif Memorial Speciality Clinics And Diagnostic Center, Tariq Colony, Kasur",Ent Specialist
Dr. Asim Waseem,KASUR,Eye Surgeon,"Sharif Medical Complex Hospital, Kasur City, Kasur",Eye Surgeon
Asst. Prof. Dr. Yaser Ud Din Khan Hoti,KASUR,Neuro Surgeon,"Bhatti International Hospital, Raiwand Road, Kasur",Neuro Surgeon
Dr. Mohammad Haroon Hafeez,KASUR,Neuro Surgeon,"Kasur City Hospital, Saeedabad, Kasur",Neuro Surgeon
Dr. Muhammad Asif,KHAIRPUR,Neurologist,"Al Noor Medical Store and Center, Sindh, Khairpur",Neurologist
Dr. Faiza Shabir Ahmed,KHAIRPUR,Gynecologist,No Address Available,Gynecologist
Assoc. Prof. Dr. Bushra Begum Ramejo,KHAIRPUR,Gynecologist,"Rameja Medical centre, Civil Line, Khairpur",Gynecologist
Prof. Dr. Abdul Rasheed Shaikh,KHAIRPUR,Urologist,No Address Available,Urologist
Dr. Muhammad Ramzan,KHAIRPUR,Gastroenterologist,"Gambat institute of medical sciences, Sindh, Khairpur",Gastroenterologist
Dr. Ghulam Abbas,KHAIRPUR,Pulmonologist / Lung Specialist,No Address Available,Pulmonologist / Lung Specialist
Dr. Muhammad Waqas Siddiqui,KHAIRPUR,Orthopedic Surgeon,No Address Available,Orthopedic Surgeon
Dr. Kashif Khaskheli,KHAIRPUR,Pediatrician,"Al Noor Medical Store And Center, Sindh, Khairpur",Pediatrician
Dr. Rahul Rai Shiwlani,KHAIRPUR,General Practitioner,"Gambat institute of medical sciences, Sindh, Khairpur",General Practitioner
Dr. Ishtiaque Ahmed,KHAIRPUR,General Physician,"Mehran Medical Centr Hospital, Dist. Noasharo Feroze, Kandiaro",General Physician
Prof. Dr. Safdar Hussain Arain,KHAIRPUR,Neuro Surgeon,No Address Available,Neuro Surgeon
Dr. Sabahat Shahzad,KHANEWAL,Dermatologist,"M.A.S.H. Medical Centre, Gillani Colony, Multan",Dermatologist
Dr. Omaina Awan,KHANEWAL,Gynecologist,"Hayat Medical Complex Hospital, Khanewal City, Khanewal",Gynecologist
Asst. Prof. Dr. Hassaan Yousaf Bhutta,KHANEWAL,Gastroenterologist,"Wamiq Surgical Hospital, Fateh Sher Colony, Sahiwal",Gastroenterologist
Dr. Bushra Naseem Khosa,KHANEWAL,Pediatrician,No Address Available,Pediatrician
Dr. Zubair Ahmed Khan,KHANEWAL,Pediatrician,"Ibrahim Welfare Hospital, Cantt, Khanewal",Pediatrician
Dr. Asim Munir Alvi Consultant Endocrinologist,KHANEWAL,General Physician,"Medicare Hospital, Tipu Sultan Colony, Multan",General Physician
Dr. M Sanaullah Qureshi,KHANEWAL,General Physician,No Address Available,General Physician
Dr. Sohail Abbas,KHANEWAL,General Physician,No Address Available,General Physician
Dr. Muhammad Tahir Rashid,KHANEWAL,General Physician,No Address Available,General Physician
Dr. Muhammad Maaz Saleem,KHANEWAL,General Physician,"Fatima Clinic ( Khanewal), Chak Shahana Road, Khanewal",General Physician
Dr. Sumera Yousaf,KHANPUR,Dermatologist,"Abdullah Medical complex(Khanpur), Khanpur, Khanpur",Dermatologist
Dr. Seema Saad,KHANPUR,Gynecologist,"Hassan Hospital, ghana mandi road, Khanpur",Gynecologist
Dr. Kashif Ikram,KHANPUR,Urologist,"Hadi Surgimed Hospital, Satellite Town, Bahawalpur",Urologist
Dr. Muhammad Hakim Ali,KHANPUR,General Physician,"Fareed Ud Din Clinic, Khanpur, Rahim Yar Khan",General Physician
Dr. Zohaib Rasheed,KHANPUR,General Physician,"Shifa Welfare Hospital, Khanpur, Rahim Yar Khan",General Physician
Dr. Muhammad Aqeel,KHANPUR,General Physician,No Address Available,General Physician
Dr. Muhammad Jahanzaib Noor,KHANPUR,General Physician,No Address Available,General Physician
Dr. Farhat Iqbal,KHANPUR,General Physician,"Abdual Sattar Hospital, Link Road, Khanpur",General Physician
Dr. Sadaf Faheem,KHARIAN,Dermatologist,"Zahidi Hospital, Jandala, Bhimber",Dermatologist
Dr. Madiha Tanveer,KHARIAN,Gynecologist,No Address Available,Gynecologist
Dr. Afshan Hasan,KHARIAN,Gynecologist,"Murtaza Memorial Hospital, kharian, Kharian",Gynecologist
Dr. Nida Gul,KHARIAN,Gynecologist,No Address Available,Gynecologist
Dr. Faisal Abbas,KHARIAN,Orthopedic Surgeon,"Faisal Hospital and Orthopedic Center, Dinga Road, kharian",Orthopedic Surgeon
Dr. Ahsan Mahmood Mian,KHARIAN,Orthopedic Surgeon,"Al Rehman Gyne &amp; Surgical Hospital, GT Road, Kharian",Orthopedic Surgeon
Dr. Mamoon Aftab Ch,KHARIAN,Pediatrician,"Aftab Children Hospital, Main GT Road, kharian",Pediatrician
Dr. Naila Mujahid,KHARIAN,Pediatrician,"Afzal Child Care Clinic, kotla, Kotla Arab Ali Khan",Pediatrician
Dr. Mehrosh Zaheer,KHARIAN,General Physician,No Address Available,General Physician
Asst. Prof. Dr. Nabeel Shafi,KHUSHAB,Urologist,"Awan Hospital, Jauharabad, Khushab",Urologist
Dr. Muhammad Bilal Awan,KHUSHAB,Gastroenterologist,"Bhatti Hospital, Jauharabad, Khushab",Gastroenterologist
Dr. Zulfeqar Ali Bhatti,KHUSHAB,Gastroenterologist,"Bhatti Hospital, Jauharabad, Khushab",Gastroenterologist
Dr. Mohammad Tayab,KHUSHAB,General Physician,No Address Available,General Physician
Dr. Abdul Rehman,KHUSHAB,General Physician,No Address Available,General Physician
Dr. Badal Baloch,KHUZDAR,Orthopedic Surgeon,"Faisal medical complex, Hub-Balochistan, Khuzdar",Orthopedic Surgeon
Dr. Sami Shah,KHUZDAR,Ent Specialist,No Address Available,Ent Specialist
Dr. Ayesha Farooq,KOHAT,Dermatologist,"Behram Medical Center, Hangu,Khyber Pahktunkhwa, Kohat",Dermatologist
Dr. Maryiam Ahmad,KOHAT,Dermatologist,No Address Available,Dermatologist
Dr. Hassan Gul,KOHAT,"General Physician, Pulmonologist / Lung Specialist","DR HASSAN GUL CLINIC KDA, Khyber Pakhtunkhwa, Kohat","General Physician, Pulmonologist / Lung Specialist"
Dr. Basit Hussain,KOHAT,Orthopedic Surgeon,"Doctors Hospital (Kohat), Khyber Pakhtunkhwa, Kohat",Orthopedic Surgeon
Asst. Prof. Dr. Muhammad Kashif Afridi,KOHAT,Pediatrician,"Khyber Teaching Hospital, University Town, Peshawar",Pediatrician
Dr. Mujtaba Gul,KOHAT,Pediatrician,"Mehmood medical centre, Kachehri Chowk, Kohat",Pediatrician
Dr. Saqib Khan,KOHAT,Pediatrician,No Address Available,Pediatrician
Dr. Hassan Gul,KOHAT,"General Physician, Pulmonologist / Lung Specialist","DR HASSAN GUL CLINIC KDA, Khyber Pakhtunkhwa, Kohat","General Physician, Pulmonologist / Lung Specialist"
Dr. Muhammad Faisal,KOHAT,General Physician,"Sugar Hospital, Hayatabaad, Peshawar",General Physician
Dr. Wajid Ali Turi,KOHAT,General Physician,No Address Available,General Physician
Dr. Muhammad Imran,KOHAT,General Surgeon,No Address Available,General Surgeon
Dr. Ateeq Ur Rehman,KOHAT,Nephrologist,"Ibrahim Medical Complex, Kohat Cantt, Kohat",Nephrologist
Dr. Sara Mazhar,KOT-ADDU,Gynecologist,No Address Available,Gynecologist
Dr. Abdul Rahman,KOT-ADDU,Orthopedic Surgeon,"Al Noor Clinic, Near Pakeza Hotel, Kot Addu",Orthopedic Surgeon
Dr. Kamran Akbar,KOT-ADDU,Pediatrician,"Child Care Clinic, Railway Road, Kot Addu",Pediatrician
Dr. Sarfraz Younis,KOT-ADDU,Pediatrician,"Children Complex Multan Hospital, Qadirabad, Multan",Pediatrician
Dr. Muhammad Irfan Majeed,KOT-ADDU,Cardiologist,No Address Available,Cardiologist
Dr. Manazza Hanif,KOTLI,Gynecologist,No Address Available,Gynecologist
Dr. Muhammad Farid,KOTLI,Gastroenterologist,No Address Available,Gastroenterologist
Dr. Badar Munir,KOTLI,Orthopedic Surgeon,"Sarwar Jan Memorial Hospital, Housing scheme, Kotli",Orthopedic Surgeon
Dr. Saman Liaqat,KOTLI,Pediatrician,No Address Available,Pediatrician
Dr. Raees Ahmed,KOTLI,General Physician,"Thq Hospital, Sohawa, Sohawa",General Physician
Dr. Wajahat Akram,KOTLI,General Physician,No Address Available,General Physician
Dr. Bushra Firdous,LALAMUSA,Gynecologist,"Haji Gulzar Surgical Hospital, Lalamusa, Lalamusa",Gynecologist
Dr. Safeer Mukhtar,LALAMUSA,Family Medicine,No Address Available,Family Medicine
Dr. Abdul Haseeb,LALAMUSA,General Physician,"Sahara Hospital, Main Bazar, Lalamusa",General Physician
Dr. Faiza Muzahir,LALAMUSA,Nephrologist,No Address Available,Nephrologist
Dr. Naeem Ahmed Soomro,LARKANA,Dermatologist,"Irfan Hussain Medical Centre, Jail Road, Larkana",Dermatologist
Dr. Muneeba,LARKANA,Dermatologist,No Address Available,Dermatologist
Dr. Shoaib Ahmed,LARKANA,Neurologist,No Address Available,Neurologist
Dr. Irfana Abbasi,LARKANA,Neurologist,No Address Available,Neurologist
Dr. Noshaba Nafees Abro,LARKANA,Gynecologist,"Mir Medical Center, LARKANA, Larkana",Gynecologist
Asst. Prof. Dr. Shabana Soomro,LARKANA,Gynecologist,"Irfan Hussain Medical Centre, Jail Road, Larkana",Gynecologist
Dr. Marvi Qazi,LARKANA,Gynecologist,No Address Available,Gynecologist
Asst. Prof. Dr. Fozia Chandio,LARKANA,Gynecologist,No Address Available,Gynecologist
Dr. Reema Rizwan,LARKANA,Gynecologist,"United Medical Center Larkana, Jail Road, Larkana",Gynecologist
Dr. Seema Ashfaque,LARKANA,Gynecologist,No Address Available,Gynecologist
Asst. Prof. Dr. Naveed Ahmed,LARKANA,Urologist,"ali hospital larkana, wagan road, Larkana",Urologist
Dr. Mahesh Kumar,LARKANA,Gastroenterologist,"Almas Medical Complex Larkana Hospital, Railway Colony, Larkana",Gastroenterologist
Dr. Asif Ali Shaikh,LARKANA,Orthopedic Surgeon,"New Sarfraz Medical Centre, Jail Road, Larkana",Orthopedic Surgeon
Dr. Afzal Bhutto,LARKANA,Orthopedic Surgeon,No Address Available,Orthopedic Surgeon
Dr. Kartar Lal Dodai,LARKANA,Pediatrician,"Dodai Clinic, LARKANA, Larkana",Pediatrician
Prof. Dr. Kouro Mal Gurbakhshani,LARKANA,General Physician,"Dr Kouro Mal Clinic, Doctors Colony VIP Road, Larkana",General Physician
Dr. Arshad Ali Bhutto,LARKANA,"Internal Medicine Specialist, General Physician, Rheumatologist, Diabetologist","Mehran Medical Centre, Wakeel Colony, Larkana","Internal Medicine Specialist, General Physician, Rheumatologist, Diabetologist"
Dr. Imran Ali,LARKANA,General Physician,No Address Available,General Physician
Dr. Sayed Parvez Ali Shah,LARKANA,General Physician,No Address Available,General Physician
Dr. Abdul Mueed Shaikh,LARKANA,General Physician,No Address Available,General Physician
Dr. Ashfaque Ahmed,LARKANA,General Physician,"Shaheed Benazir Bhutto Medical University Hospital, Bakrani, Larkana",General Physician
Dr. Romana Wazir,LARKANA,General Physician,No Address Available,General Physician
Dr. Kailash Tabrani,LARKANA,General Physician,"New Sarfraz Medical Centre, Jail Road, Larkana",General Physician
Dr. Aisha Kiran,LARKANA,General Physician,No Address Available,General Physician
Dr. Iqra Shabir,LARKANA,General Physician,No Address Available,General Physician
Dr. Rohat Lal,LARKANA,General Physician,"Shaheed Benazir Bhutto Medical University Hospital, Bakrani, Larkana",General Physician
Dr. Rameez Aziz,LARKANA,Nephrologist,"ali hospital larkana, wagan road, Larkana",Nephrologist
Dr. Sana Aslam,LAYYAH,Dermatologist,No Address Available,Dermatologist
Dr. Iqra Khaliq,LAYYAH,Dermatologist,No Address Available,Dermatologist
Dr. Ammara Zaib,LAYYAH,Gynecologist,No Address Available,Gynecologist
Dr. Eizaz Ahmad,LAYYAH,Gynecologist,"Surgicare Hospital &amp; Maternity Center, Karor Lal Eason, Layyah",Gynecologist
Dr. Aroosa Manzoor,LAYYAH,Gynecologist,No Address Available,Gynecologist
Dr. Saif Ullah Sumra,LAYYAH,"Gastroenterologist, Hepatologist","Liver and Gastro Care Clinic Layyah, Link road, opposite to DHQ, Layyah","Gastroenterologist, Hepatologist"
Dr. Munir Ahmed Khan,LAYYAH,Orthopedic Surgeon,"Qadir Ali Hospital, Layyah,Punjab, Layyah",Orthopedic Surgeon
Dr. Muhammad Kashif Imran,LAYYAH,Pediatrician,No Address Available,Pediatrician
Dr. Muhammad Afzal Khan,LAYYAH,"Pediatrician, Neonatologist",No Address Available,"Pediatrician, Neonatologist"
Dr. Ibtasam Ahmad,LAYYAH,General Physician,No Address Available,General Physician
Dr. Irfan Rashid,LAYYAH,General Physician,"Dhq Hospital, Officers Colony, Layyah",General Physician
Dr. Muhammad Umair Gul,LAYYAH,General Physician,"Doctor umair, Fateh Pur, Layyah",General Physician
Dr. Muhammad Faisal Aziz,LAYYAH,General Physician,No Address Available,General Physician
Dr. Ameer Hussain Shah,LAYYAH,General Physician,"Gillani Health Clinic, Kalma Chowk, Layyah",General Physician
Dr. Malik Irfan Majeed Khokhar,LAYYAH,General Physician,No Address Available,General Physician
Dr. Sheharyar Ali Khan,LAYYAH,General Physician,No Address Available,General Physician
Dr. Maryam Imam,LAYYAH,General Physician,"Thq Hospital, Kot Sultan, Layyah",General Physician
Dr. Asif Javaid,LAYYAH,General Physician,No Address Available,General Physician
Dr. Faryal Aslam,LAYYAH,General Physician,No Address Available,General Physician
Dr. Umar Farooq,LAYYAH,General Physician,"Dhq Hospital, Officers Colony, Layyah",General Physician
Dr. Imtiaz Awan,LAYYAH,Neuro Surgeon,"Qadir Ali Hospital, Layyah,Punjab, Layyah",Neuro Surgeon
Dr. Muhammad Shoaib Younas,LODHRAN,Dermatologist,No Address Available,Dermatologist
Dr. Amir Bashir,LODHRAN,Dermatologist,No Address Available,Dermatologist
Dr. Shumaila Riaz,LODHRAN,Gynecologist,No Address Available,Gynecologist
Dr. Jawaria Rasheed,LODHRAN,Gynecologist,"Rasheed Surgical Hospital, Lodhran, Lodhran",Gynecologist
Dr. Muhammad Shahid Sharif,LODHRAN,Urologist,No Address Available,Urologist
Dr. Farhan Ali,LODHRAN,Urologist,"Al-Shifa Eye Clinic &amp; General Hospital, Jalalpur Mor, Lodhran",Urologist
Dr. Mazhar Bashir Choudray,LODHRAN,Orthopedic Surgeon,No Address Available,Orthopedic Surgeon
Dr. Ghulam Nabi Chaudhary,LODHRAN,Orthopedic Surgeon,"Ghulam Nabi Chaudhary Clinic, Gala Mandi, Lodhran",Orthopedic Surgeon
Dr. Muhammad Taimur Ali,LODHRAN,Pediatrician,No Address Available,Pediatrician
Dr. Inam Tanveer,LODHRAN,General Physician,No Address Available,General Physician
Dr. Arshia Zainab,LODHRAN,General Physician,"Al-Rehman Hospital, Purana Mailsi Rd,, Lodhran",General Physician
Dr. Ata Ullah,LODHRAN,General Surgeon,"Shamin hospital and surgical complex, Kahror Pakka, Lodhran",General Surgeon
Dr. Ghazanfar Abbas,LODHRAN,General Physician,"Al Shafi Clinic, Shujaabad, Multan",General Physician
Dr. Sana Ali,LODHRAN,Radiologist,No Address Available,Radiologist
Dr. Syed Zain Abbas,LODHRAN,General Physician,"Dhq Hospital Lodhran, South Chak, Lodhran",General Physician
Asst. Prof. Dr. Shoaib Manzoor,LODHRAN,Nephrologist,"Manzoor Kidney Centrer, Railway Chowk, Lodhran",Nephrologist
Dr. Abdul Qadeer,LODHRAN,Eye Surgeon,"Al-Shifa Eye Clinic &amp; General Hospital, Jalalpur Mor, Lodhran",Eye Surgeon
Asst. Prof. Dr. Habibullah Kibzai,LORALAI,Pulmonologist / Lung Specialist,"Dr Sardar Clinic, loralai, Loralai",Pulmonologist / Lung Specialist
Asst. Prof. Dr. Muhammad Amin Kakar,LORALAI,"Eye Surgeon, Eye Specialist","Kadir General &amp; Eye Care Center, Tehsil Road, Loralai","Eye Surgeon, Eye Specialist"
Dr. Afsar Khan,MALAKAND,Gastroenterologist,"Shifa Hospital, Malakand Division, Malakand",Gastroenterologist
Dr. Liaqat Ali,MALAKAND,Pediatrician,No Address Available,Pediatrician
Dr. Taimoor Ali,MALAKAND,Neuro Surgeon,"Bahadar Khan Rozi Khan Memorial Hospital, Khyber Pakhtunkhwa, Pakistan, Malakand",Neuro Surgeon
Dr. Hanzala Zafar,MANDI-BAHAUDDIN,Dermatologist,"Skin Lounge Clinic, Phalia Road, Mandi Bahauddin",Dermatologist
Dr. Zaheer Abbas,MANDI-BAHAUDDIN,Dermatologist,No Address Available,Dermatologist
Dr. Moazzam Javaid Cheema,MANDI-BAHAUDDIN,Neurologist,"Central Hospital Gujranwala, GT Road, Gujranwala",Neurologist
Dr. Zaigham Abbas,MANDI-BAHAUDDIN,Neurologist,"Irshad Neuro Care, Marghzar Colony, Gujrat",Neurologist
Dr. Aatiqa Tarar,MANDI-BAHAUDDIN,Gynecologist,No Address Available,Gynecologist
Dr. Ghulam Mustafa Abid,MANDI-BAHAUDDIN,Gastroenterologist,"Bashir Begum Hospital, Phalia Bypass, Mandi Bahauddin",Gastroenterologist
Dr. Sohail Ahmed,MANDI-BAHAUDDIN,Orthopedic Surgeon,No Address Available,Orthopedic Surgeon
Dr. Araib Ghega,MANDI-BAHAUDDIN,Orthopedic Surgeon,"Habib Hospital, Phalia Road, Mandi Bahauddin",Orthopedic Surgeon
Dr. Bilal Ali Anjum,MANDI-BAHAUDDIN,Pediatrician,"Hope Children Hospital, punjab, Mandi Bahauddin",Pediatrician
Dr. Muhammad Sarfraz Anwer,MANDI-BAHAUDDIN,Pediatrician,No Address Available,Pediatrician
Dr. Israr Ahmed,MANDI-BAHAUDDIN,General Practitioner,No Address Available,General Practitioner
Dr. Azeem Hussain Shah,MANDI-BAHAUDDIN,General Physician,No Address Available,General Physician
Dr. Qamar Uz Zaman,MANDI-BAHAUDDIN,General Physician,No Address Available,General Physician
Dr. Habib Ur Rehman,MANDI-BAHAUDDIN,Sexologist,"Habib Hospital, Phalia Road, Mandi Bahauddin",Sexologist
Dr. Wahaj Ahmad,MANDI-BAHAUDDIN,Eye Surgeon,"Zia Fatima Hospital, Phalia Road, Mandi Bahauddin",Eye Surgeon
Dr. Usman Rafiq,MANSEHRA,Dermatologist,"Skin Care Clinic, Mansehra City, Mansehra",Dermatologist
Dr. Zahid Hassan,MANSEHRA,Neurologist,"IDC- ABBOTABAD, ground floor, Abbottabad",Neurologist
Dr. Liaqat Khurshid,MANSEHRA,Gastroenterologist,"Waleed General Hospital, Abottabad Road, Mansehra City, Mansehra",Gastroenterologist
Dr. Izat Ullah,MANSEHRA,Gastroenterologist,No Address Available,Gastroenterologist
Dr. Sadia Shah,MANSEHRA,Gastroenterologist,"Mansehra Medical Center complex, Bypass Road, Mansehra",Gastroenterologist
Asst. Prof. Dr. Muhammad Ali Usman,MANSEHRA,Orthopedic Surgeon,"Abbottabad International Medical Institute, N-35 Abbottabad, Khyber, Abbottabad",Orthopedic Surgeon
Dr. Haider Ali,MANSEHRA,Orthopedic Surgeon,"Qudrat Plaza, Opposite King Abdullaha Teaching Hospital, Mansehra",Orthopedic Surgeon
Assoc. Prof. Dr. Yasir Khan,MANSEHRA,Orthopedic Surgeon,No Address Available,Orthopedic Surgeon
Dr. Pir Adil Shah,MANSEHRA,Pediatrician,No Address Available,Pediatrician
Asst. Prof. Dr. Hamayun Anwar,MANSEHRA,Pediatrician,"Health Care Hospital, Grand Trunk Rd, Nowshera",Pediatrician
Dr. Mehwish Zeb,MANSEHRA,Pediatrician,No Address Available,Pediatrician
Dr. Abdul Hadi,MANSEHRA,General Physician,No Address Available,General Physician
Dr. Muhammad Amjid,MANSEHRA,General Physician,"Family medical complex, 0, Hasan Abdal",General Physician
Dr. Hamza Khan,MANSEHRA,General Physician,No Address Available,General Physician
Dr. Jawwad Ahmed,MANSEHRA,General Physician,"King Abdullah Teaching Hospital, Mansehra City, Mansehra",General Physician
Asst. Prof. Dr. Bilal Ahmad,MANSEHRA,Neuro Surgeon,No Address Available,Neuro Surgeon
Dr. Ibrahim Mushtaq,MANSEHRA,Neuro Surgeon,"Waleed General Hospital, Abottabad Road, Mansehra City, Mansehra",Neuro Surgeon
Dr. Muhammad Ikram Khan,MARDAN,Dermatologist,"Dr Ikram Skin and Laser Clinic, opposite DHQ hospital. Mardan, Mardan",Dermatologist
Dr. Syed Mohammad Obaid,MARDAN,Dermatologist,"Clock Tower Medical Center, Shamsi Road, Mardan",Dermatologist
Dr. Sultan,MARDAN,Dermatologist,"Mardan Skin Care Clinic By Hania Signature, Bahadur Khan Plaza Near, Mardan",Dermatologist
Dr. Muhammad Fahim,MARDAN,Dermatologist,No Address Available,Dermatologist
Dr. Hamza Abbas Khan,MARDAN,Dermatologist,"The Skin Care Aesthetic and Laser Clinic, Shamsi Road, Mardan",Dermatologist
Dr. Zulfiqar Ali Khan,MARDAN,Gynecologist,"Mardan Women Hospital, Sheikh Maltoon Town, Mardan",Gynecologist
Asst. Prof. Dr. Noor Ul Amina,MARDAN,Gynecologist,"Dr. Noor Ul Amina (Gynecologist), Sheikh Maltoon Town, Mardan",Gynecologist
Dr. Farzana Izzat,MARDAN,Gynecologist,"Dar ul shifa hospital, Malakand Road, Mardan",Gynecologist
Dr. Maryam Aamir Khan,MARDAN,Gynecologist,No Address Available,Gynecologist
Dr. Muhammad Asif,MARDAN,"Urologist, Sexologist",No Address Available,"Urologist, Sexologist"
Dr. Muhammad Sohail,MARDAN,Gastroenterologist,"Clock Tower Medical Center, Shamsi Road, Mardan",Gastroenterologist
Dr. Sajjad Ahmed,MARDAN,Gastroenterologist,"Toru Medicos Sheikh Yaseen Medical Centre, Mardan City, Mardan",Gastroenterologist
Asst. Prof. Dr. Farmanullah Shah,MARDAN,Gastroenterologist,"Mardan Medical Complex, Khyber Pakhtunkhwa, Mardan",Gastroenterologist
Asst. Prof. Dr. Shakeel Ahmad,MARDAN,Gastroenterologist,"Clock Tower Medical Center, Shamsi Road, Mardan",Gastroenterologist
Dr. Khurram Shahzad,MARDAN,Orthopedic Surgeon,"Jinnah Hospital, Shamsi Road, Mardan",Orthopedic Surgeon
Dr. Asim Naeem,MARDAN,Orthopedic Surgeon,No Address Available,Orthopedic Surgeon
Dr. Syed Muhammad Tariq,MARDAN,Pediatrician,"Syed Children Hospital, Shamsi Road, Mardan",Pediatrician
Dr. Rifaq Zeb,MARDAN,Pediatrician,"Dar ul shifa hospital, Malakand Road, Mardan",Pediatrician
Dr. Sajjad Ahmad,MARDAN,General Physician,"Sheikh Yaseen Medical Center, Shamsi Road, Mardan",General Physician
Dr. Hamraz Khan Yousaf Zai,MARDAN,Internal Medicine Specialist,No Address Available,Internal Medicine Specialist
Dr. Irum Fatima,MARDAN,Gynecologist,No Address Available,Gynecologist
Dr. Shafiq Ahmad,MARDAN,General Physician,No Address Available,General Physician
Dr. Sikander Hayat,MARDAN,General Physician,No Address Available,General Physician
Dr. Nasrallah Khan,MARDAN,General Physician,No Address Available,General Physician
Dr. Matee Ullah,MARDAN,Medical Specialist,"Mardan Medical Complex, Khyber Pakhtunkhwa, Mardan",Medical Specialist
Dr. Ammad Ali,MARDAN,General Physician,"Madiha Medical Center, Shamsi Road, Mardan",General Physician
Dr. Fatima Tul Zahra,MARDAN,General Physician,No Address Available,General Physician
Dr. Mohammad Nadeem,MARDAN,General Physician,"Dhq Hospital, Gaju Khan Road, Mardan",General Physician
Dr. Muhammad Asif,MARDAN,"Urologist, Sexologist",No Address Available,"Urologist, Sexologist"
Dr. Muhammad Anjum Khalid,MARDAN,"Eye Specialist, Eye Surgeon","Mardan Poly Clinic, Shamsi Road, Mardan","Eye Specialist, Eye Surgeon"
Prof. Dr. Inayat Ullah Khan,MARDAN,Neuro Surgeon,"Kulsum International Hospital, Blue Area G-7, Islamabad",Neuro Surgeon
Dr. Tasleem Zakir,MATIARI,Gynecologist,No Address Available,Gynecologist
Dr. Mrs Aamir Khaira,MIAN-CHANNU,Gynecologist,"Alhussain Aamir Medical center, mian channu, Mian Channu",Gynecologist
Dr. Muhammad Umar Farooq,MIAN-CHANNU,Pediatrician,"SHIFA Hospital, mian channu, Mian Channu",Pediatrician
Dr. Hafiz Abdul Basit,MIAN-CHANNU,General Physician,No Address Available,General Physician
Dr. Arshad Mehmood,MIANWALI,Dermatologist,No Address Available,Dermatologist
Dr. Zaheer Iqbal Khan,MIANWALI,Pediatrician,"Madina Childern Hospital, District Miawali, Mianwali",Pediatrician
Dr. Muhammad Yousaf,MIANWALI,Pediatrician,No Address Available,Pediatrician
Dr. Saleem,MIANWALI,General Physician,No Address Available,General Physician
Dr. Sidra Waqar,MIANWALI,General Physician,No Address Available,General Physician
Dr. Fawad Akbar Khan Niazi,MIANWALI,General Physician,"Khalid Clinic, punjab, Mianwali",General Physician
Dr. Sanaa Khurshid,MIANWALI,Nephrologist,No Address Available,Nephrologist
Dr. Misbah Salim,MIRPUR,Dermatologist,"Ahsan Medical Complex, Sector D-3 New Mirpur City, Azad Jammu and Kashmir, Mirpur",Dermatologist
Dr. Syeda Midhat Fatima,MIRPUR,Dermatologist,No Address Available,Dermatologist
Dr. Lekhraj Maheshwari,MIRPUR,Dermatologist,No Address Available,Dermatologist
Dr. Muhammad Atif,MIRPUR,Dermatologist,"Javid medical Complex, Azad Jammu and Kashmir, Mirpur",Dermatologist
Dr. Muhammed Nouman Khan,MIRPUR,Urologist,"Ahsan Medical Complex, Sector D-3 New Mirpur City, Azad Jammu and Kashmir, Mirpur",Urologist
Dr. Raheel Akbar Baloch,MIRPUR,Orthopedic Surgeon,"Ameen Diagnostic Center, Old civil line near excise office, Mirpur",Orthopedic Surgeon
Assoc. Prof. Dr. Saleem Akhtar Rana,MIRPUR,Orthopedic Surgeon,"Al Seha Hospital AJK, New mirpur city, Mirpur",Orthopedic Surgeon
Dr. Ejaz Ali Chaudhry,MIRPUR,Orthopedic Surgeon,"Riaz Hospital, New mirpur city, Mirpur",Orthopedic Surgeon
Dr. Rabia Riaz,MIRPUR,Pediatrician,No Address Available,Pediatrician
Asst. Prof. Dr. Ammara Manzoor,MIRPUR,Pediatrician,"Mirpur Medical Complex, Kotli Road, Mirpur",Pediatrician
Dr. Unaiza Syed,MIRPUR,Pediatrician,No Address Available,Pediatrician
Dr. Ejaz Anjum,MIRPUR,General Physician,"Mother and Child International Hospital, al rayan road, Mirpur",General Physician
Dr. Mehr Soban Imran,MIRPUR,General Physician,No Address Available,General Physician
Dr. Muhammad Talha Suleman,MIRPUR,General Physician,"Ahsan Medical Complex, Sector D-3 New Mirpur City, Azad Jammu and Kashmir, Mirpur",General Physician
Dr. Sohaib Khalid,MIRPUR,General Physician,"Wapda Hospital (Mangla), Sector D-3 New Mirpur City, Azad Jammu and Kashmir, Mirpur",General Physician
Dr. Muhammad Zain Ul Abidien,MIRPUR,General Physician,"Dhq Hospital, Jada, Jhelum",General Physician
Dr. Usman Shahid,MIRPUR,"Diabetologist, Sexologist","Shahid Diabetes and Infertility Centre, Azad Jammu and Kashmir, Mirpur","Diabetologist, Sexologist"
Asst. Prof. Dr. Mubeen Ahmed Memon,MIRPUR-KHAS,Pulmonologist / Lung Specialist,"Indus Hospital, Ghareebabad, Nawabshah",Pulmonologist / Lung Specialist
Dr. Tooba Tasawar,MIRPUR-KHAS,Pediatrician,"Indus Hospital Badin, Sindh, Baden",Pediatrician
Dr. Faizan Qaiser,MIRPUR-KHAS,General Physician,"Ali medicare hospital, Adam Town, Mirpur Khas",General Physician
Dr. Iqra Rehman,MIRPUR-KHAS,General Physician,"Rehman Clinic, tandoadam naka, Mirpur Khas",General Physician
Dr. Nimra Khalid,MIRPUR-KHAS,General Physician,No Address Available,General Physician
Dr. Mehmood Khan,MIRPUR-KHAS,Sexologist,"Doctors plaza, New Town, Mirpur Khas",Sexologist
Dr. Ashfaque Memon,MIRPUR-KHAS,Ent Specialist,No Address Available,Ent Specialist
Dr. Parvez Ali Shah,MITHI,Hematologist,"Ali Murad Shah Medical Center Mithi, Hospital Rd, Mithi,, Mithi",Hematologist
Dr. Muhammad Kashif Bashir,MURIDKE,Gastroenterologist,"Chaudhary Hospital, Bilal Ganj, Lahore",Gastroenterologist
Dr. Amjad Mahmood,MURIDKE,General Physician,"Life Care Clinic, Muridke, Muridke",General Physician
Asst. Prof. Dr. Syeda Sahar Zahra,MUZAFFAR-GARH,Gynecologist,"Talib medical Complex, THQ Hospital, Muzaffar Garh",Gynecologist
Dr. Ruqia Sarfraz,MUZAFFAR-GARH,Gynecologist,"Surayya medical centre, 0, Muzaffar Garh",Gynecologist
Dr. Abdul Basit,MUZAFFAR-GARH,Pulmonologist / Lung Specialist,"Nishtar Clinics, 0, Muzaffar Garh",Pulmonologist / Lung Specialist
Dr. Mohsin Mehmood,MUZAFFAR-GARH,Pulmonologist / Lung Specialist,"City Clinic Muzaffargarh, Near DHQ hospital, Muzaffar Garh",Pulmonologist / Lung Specialist
Dr. Muhammad Sharief,MUZAFFAR-GARH,Pediatrician,No Address Available,Pediatrician
Dr. Abdul Hameed Chandia,MUZAFFAR-GARH,Pediatrician,No Address Available,Pediatrician
Dr. Syed Waleed Sabir,MUZAFFAR-GARH,Pediatrician,"Saddat Clinic, Jhang Road, Muzaffar Garh",Pediatrician
Dr. Asad Ijaz Malik,MUZAFFAR-GARH,"General Practitioner, General Physician",No Address Available,"General Practitioner, General Physician"
Dr. Muhammad Areeb Hassan,MUZAFFAR-GARH,General Physician,No Address Available,General Physician
Dr. Saqib Ali,MUZAFFAR-GARH,"General Practitioner, General Physician, Family Medicine","Home Visit, Garden Town, Lahore","General Practitioner, General Physician, Family Medicine"
Dr. Muhammad Adnan Faiz Malik,MUZAFFAR-GARH,General Physician,"Saif Medical Centre, Jinnah Town, Quetta",General Physician
Dr. Tayyaba Noor,MUZAFFAR-GARH,General Physician,"Samad Gynae Clinic, saeed avenue, Muzaffar Garh",General Physician
Dr. Muhammad Riaz,MUZAFFAR-GARH,Family Medicine,No Address Available,Family Medicine
Dr. Muhammad Khalid,MUZAFFAR-GARH,General Physician,"Malik Surgical &amp; Medical Centre, Opposite DHQ Hospital, Muzaffar Garh",General Physician
Dr. Muhammad Asad Raza,MUZAFFAR-GARH,General Physician,"Asad Medical &amp; Surgical Hospital, punjab, Muzaffar Garh",General Physician
Dr. Salma Bibi,MUZAFFAR-GARH,Gynecologist,No Address Available,Gynecologist
Dr. Maria Ijaz,NANKANA-SAHIB,Gynecologist,No Address Available,Gynecologist
Dr. Shahid Ali,NANKANA-SAHIB,Pediatrician,No Address Available,Pediatrician
Dr. Arshha Naeem,NANKANA-SAHIB,Family Medicine,"Care Family Clinic, Allama Iqbal Town, Lahore",Family Medicine
Dr. Areesha Ijaz,NANKANA-SAHIB,General Physician,No Address Available,General Physician
Dr. Zaigham Hammad,NANKANA-SAHIB,General Physician,"Dhq Hospital Nankana, Mohalla Balilla, Nankana Sahib",General Physician
Dr. Asmat Ullah Bhalli,NAROWAL,Urologist,"Asmat Bhalli Kindney Centre and Shukar Deen Hospital, Circular Road, Narowal",Urologist
Dr. Muhammad Awais Younis,NAROWAL,Gastroenterologist,"Khan Nazir Poly Clinic, Near Kartarpur Corridor, Main Shakargarh Road, Narowal",Gastroenterologist
Dr. Syed Ashij Ali Shah,NAROWAL,General Physician,"Sughra Shafi Medical Complex, Muridike Road, Narowal",General Physician
Dr. Ghulam Fatima,NAROWAL,General Physician,No Address Available,General Physician
Dr. Eaman Amjad,NAROWAL,General Physician,"Hammad Medical Center Zafarwal, Narowal, Narowal",General Physician
Dr. Waqar Ahmad,NAROWAL,General Physician,"Sughra Shafi Medical Complex, Muridike Road, Narowal",General Physician
Dr. Hira Iftikhar,NAROWAL,Anesthetist,"Sughra Shafi Medical Complex Hospital, Muridike Road, Narowal",Anesthetist
Dr. Sajida Iqbal,NAROWAL,Diabetologist,No Address Available,Diabetologist
Dr. Nouman Nazir,NAROWAL,General Physician,"Umeed Nau Drugs DeAddiction &amp; Rehab Center, College Road, Narowal",General Physician
Dr. Muhammad Haris,NAROWAL,General Physician,No Address Available,General Physician
Dr. Samreen Faisal,NAROWAL,Ent Specialist,"Shukar Din Surgical Hospital, College Road, Narowal",Ent Specialist
Asst. Prof. Dr. Iqbal Ahmed Shaikh,NAWABSHAH,Dermatologist,No Address Available,Dermatologist
Dr. Shazia Bano,NAWABSHAH,Dermatologist,"Derma Vision Clinic, court road, Nawabshah",Dermatologist
Dr. Nasir Mughal,NAWABSHAH,Dermatologist,"Sonia Skin Clinic, Shaheed Benazirabad, Nawabshah",Dermatologist
Asst. Prof. Dr. Rashida Akbar,NAWABSHAH,Gynecologist,"Ali Centre, Regal Chowk, Nawabshah",Gynecologist
Dr. Aijaz Hussain,NAWABSHAH,Urologist,"Indus Hospital, Ghareebabad, Nawabshah",Urologist
Dr. Mohsin Ali,NAWABSHAH,Gastroenterologist,"Najeeb Medical Complex, Sakrand road, Nawabshah",Gastroenterologist
Asst. Prof. Dr. Mubeen Ahmed Memon,NAWABSHAH,Pulmonologist / Lung Specialist,"Indus Hospital, Ghareebabad, Nawabshah",Pulmonologist / Lung Specialist
Dr. Shohab Hyder Shaikh,NAWABSHAH,Orthopedic Surgeon,"Najeeb Medical Complex, Sakrand road, Nawabshah",Orthopedic Surgeon
Prof. Dr. Zulfiqar Ali Mastoi,NAWABSHAH,Orthopedic Surgeon,"Mastoi Bone &amp; Joint Hospital Nawabshah, Shaheed Benazirabad, Nawabshah",Orthopedic Surgeon
Dr. Zoya Alee,NAWABSHAH,Pediatrician,"Haleema Medical centre, Sakrand road, Nawabshah",Pediatrician
Dr. Deva Nand,NAWABSHAH,General Physician,"Rehman Doctors Chamber Hospital, Regal Chowk, Nawabshah",General Physician
Asst. Prof. Dr. Jeando Khan,NAWABSHAH,General Physician,No Address Available,General Physician
Dr. Ghulam Qadir,NAWABSHAH,General Physician,"Asghar Medicare Unit, Manwabad, Nawabshah",General Physician
Dr. Zeeshan Sadique,NAWABSHAH,General Physician,"Peoples University Of Medical And Health Sciences For Women Hospital, Shaheed Benazirabad, Nawabshah",General Physician
Dr. Ahsan Durrani,NAWABSHAH,General Physician,"Peoples University Of Medical And Health Sciences For Women Hospital, Shaheed Benazirabad, Nawabshah",General Physician
Dr. Kainat Saleem,NAWABSHAH,Eye Surgeon,"Peoples University Of Medical And Health Sciences For Women Hospital, Shaheed Benazirabad, Nawabshah",Eye Surgeon
Dr. Farooq Azam Khan,NOWSHERA,Dermatologist,No Address Available,Dermatologist
Asst. Prof. Dr. Naseemullah,NOWSHERA,Dermatologist,No Address Available,Dermatologist
Dr. Uzma Wahid,NOWSHERA,Gynecologist,"Zaman Medical Center, KPK, Nowshera",Gynecologist
Dr. Shahzad Ur Rehman,NOWSHERA,Urologist,"Ayan Medicose Center, Usman Abad Road, Nowshera",Urologist
Dr. Awais Ahmad,NOWSHERA,Urologist,No Address Available,Urologist
Dr. Farhan Aziz Babar,NOWSHERA,Gastroenterologist,"Nowshera clinical Laboratory, Jan Bakers and confectioners, Nowshera",Gastroenterologist
Dr. Asif Nawaz,NOWSHERA,Gastroenterologist,"Shifa Medical Centre, GT Road Nowshera, Nowshera",Gastroenterologist
Dr. Haseeb Mushtaq,NOWSHERA,Pulmonologist / Lung Specialist,"Humra Medical Centre, Akora Khattak, Nowshera",Pulmonologist / Lung Specialist
Dr. Raziq Ali,NOWSHERA,Orthopedic Surgeon,No Address Available,Orthopedic Surgeon
Dr. Hafsa Niaz,NOWSHERA,Pediatrician,No Address Available,Pediatrician
Dr. Irfan Ullah Qazi,NOWSHERA,Pediatrician,No Address Available,Pediatrician
Asst. Prof. Dr. Hamayun Anwar,NOWSHERA,Pediatrician,"Health Care Hospital, Grand Trunk Rd, Nowshera",Pediatrician
Dr. Jamal Khan,NOWSHERA,Pediatrician,"Dr Jamal Clinic, Akora Khattak, Nowshera",Pediatrician
Dr. Mehbob Khan,NOWSHERA,General Physician,No Address Available,General Physician
Dr. Fasih Ullah,NOWSHERA,General Physician,No Address Available,General Physician
Dr. Jawad Alam Khattak,NOWSHERA,General Surgeon,"Baba Medical Center, Dabgari Garden, Peshawar",General Surgeon
Dr. Zia Ullah Iqbal,NOWSHERA,General Physician,No Address Available,General Physician
Dr. Mian Mubashir Amin,NOWSHERA,Family Medicine,"Ihsan Medical Center, KPK, Nowshera",Family Medicine
Dr. Muhammad Haroon,NOWSHERA,General Physician,"Nowshera clinical Laboratory, Jan Bakers and confectioners, Nowshera",General Physician
Dr. Samreena Kaleem,NOWSHERA,General Physician,No Address Available,General Physician
Dr. M Hassaan Shah,NOWSHERA,General Physician,No Address Available,General Physician
Prof. Dr. Naseer Hassan,NOWSHERA,Neuro Surgeon,"Qazi Hussain Ahmed Medical Complex, Nowshera Medicial College, Nowshera",Neuro Surgeon
Dr. Sara Iqbal,OKARA,Dermatologist,"Skin Zone, Cantt, Okara",Dermatologist
Dr. Rizwana Hanif,OKARA,Dermatologist,No Address Available,Dermatologist
Dr. Ammar Yasir,OKARA,Neurologist,"Allama Iqbal Hospital, DHQ hospital, Kasur",Neurologist
Dr. Umtal Batool,OKARA,Gynecologist,"Rehman Medical Complex (Okara), Stadium Road, Okara",Gynecologist
Dr. Naureen Kanwal,OKARA,Gynecologist,"Dr. Naureen Kanwal clinic, Medical Colony, Okara",Gynecologist
Dr. Saba Sarwar,OKARA,Gynecologist,"National care hospital okara., 0, Okara",Gynecologist
Dr. Sundus Shakoor,OKARA,Gynecologist,No Address Available,Gynecologist
Dr. Imran Taqi,OKARA,"Gastroenterologist, General Physician, Gastroenterologist","National care hospital okara., 0, Okara","Gastroenterologist, General Physician, Gastroenterologist"
Dr. Muhammad Umair Abid,OKARA,"Cardiologist, Diabetologist, Gastroenterologist",No Address Available,"Cardiologist, Diabetologist, Gastroenterologist"
Dr. Hassan Shafique Butt,OKARA,Pulmonologist / Lung Specialist,"Dr. Rashid Sagher PolyClinic, nawab colony, Okara",Pulmonologist / Lung Specialist
Dr. Iqra Akram,OKARA,Pulmonologist / Lung Specialist,"Ali Medical and Dental Complex, fateh town, Okara",Pulmonologist / Lung Specialist
Asst. Prof. Dr. Abdul Qayyum Baig,OKARA,Orthopedic Surgeon,"A.Q Ortho &amp; Gynae complex, punjab, Okara",Orthopedic Surgeon
Dr. Arslan Ali,OKARA,Orthopedic Surgeon,"Saeed surgical complex, rehmatullah town, Okara",Orthopedic Surgeon
Dr. Sohaib Mazhar Siddiqui,OKARA,Orthopedic Surgeon,"Sohaib Orthopedic Clinic, Lalazar Colony, Okara",Orthopedic Surgeon
Dr. Shakeel Anjum Ramay,OKARA,"Pediatrician, Anesthetist","Dr. Shakeel Anjum Ramay Children Clinic, DHQ hospital, Okara","Pediatrician, Anesthetist"
Dr. Abdur Rahman Ahmad,OKARA,"General Practitioner, Pediatrician","Saad Mother And Childcare Clinic, government housing society, Okara","General Practitioner, Pediatrician"
Dr. Ayaz Ahmad Chishti,OKARA,Pediatrician,No Address Available,Pediatrician
Dr. Maria Khalid,OKARA,Pediatrician,No Address Available,Pediatrician
Dr. Muhammad Imran,OKARA,Pediatrician,No Address Available,Pediatrician
Dr. Sumera Akram,OKARA,Pediatrician,No Address Available,Pediatrician
Dr. Misbah Fatima,OKARA,Pediatrician,"Zayyan Kidney and Child Care Clinic, Okara, Okara",Pediatrician
Dr. Zain Liaqat,OKARA,Pediatrician,"Dhq, Okara Hospital, Dipalpur Road, okara",Pediatrician
Dr. Sidra Yoosannaf,OKARA,Pediatrician,"Shoukat Surgical Hospital Depalpur, Okara, Okara",Pediatrician
Dr. Anam Zahra,OKARA,Pediatrician,"Ali Medical and Dental Complex, fateh town, Okara",Pediatrician
Dr. Imran Taqi,OKARA,"Gastroenterologist, General Physician, Gastroenterologist","National care hospital okara., 0, Okara","Gastroenterologist, General Physician, Gastroenterologist"
Dr. Sonia Aslam,OKARA,General Physician,No Address Available,General Physician
Dr. Sharmeen,OKARA,General Physician,No Address Available,General Physician
Dr. Muhammad Bilal Aslam,OKARA,General Physician,No Address Available,General Physician
Dr. Ahmad Bilal Tariq,OKARA,General Physician,No Address Available,General Physician
Dr. Tehmina Ali,OKARA,General Physician,"Dr Tehmina Ali, Okara, Okara",General Physician
Dr. Muhammad Waqas Irshad,OKARA,General Physician,No Address Available,General Physician
Dr. Ahmad Fraz,OKARA,General Physician,No Address Available,General Physician
Dr. Tanveer Sajjad,OKARA,General Physician,"Tanveer Medical complex, Shergarh, Okara",General Physician
Dr. Wajiha Nisar,OKARA,General Physician,No Address Available,General Physician
Dr. Hasnain Javaid,OKARA,General Physician,No Address Available,General Physician
Dr. Maheen Sabir,OKARA,General Physician,No Address Available,General Physician
Dr. Hozaifa Habib,OKARA,Nephrologist,"Zayyan Kidney and Child Care Clinic, Okara, Okara",Nephrologist
Dr. Bilal Tahir,OKARA,Nephrologist,"Ali Medical and Dental Complex, fateh town, Okara",Nephrologist
Dr. Ahmed Ayyaz,OKARA,Nephrologist,"Sharif Surgimed Hospital, Okara, Okara",Nephrologist
Dr. Sajida Anwar,OKARA,Ent Specialist,"Hamza Cardex Hospital, Kacheri Road, Pakpattan",Ent Specialist
Dr. Mohammad Haroon Hafeez,OKARA,Neuro Surgeon,"Kasur City Hospital, Saeedabad, Kasur",Neuro Surgeon
Dr. Zulfiqar Ali,PAKPATTAN,Pediatrician,"Adeel Surgimed Hospital, sahiwal road, Pakpattan",Pediatrician
Dr. Abdul Waheed Bhatti,PAKPATTAN,Pediatrician,No Address Available,Pediatrician
Dr. Kanwal Batool Raza,PAKPATTAN,Pediatrician,"Hamza Cardex Hospital, Kacheri Road, Pakpattan",Pediatrician
Dr. Faisal Iqbal,PAKPATTAN,General Physician,"Ghulam Muhammad Memorial Hospital, Hospital Rd, Pakpattan",General Physician
Dr. Saqib Manzoor,PAKPATTAN,General Physician,"DHQ Hospital Pakpattan, Pakpatan, Pakpattan",General Physician
Dr. Tayyab Muneer,PAKPATTAN,General Physician,No Address Available,General Physician
Dr. Fizza Mazhar,PAKPATTAN,General Physician,No Address Available,General Physician
Dr. Burza Zahid,PAKPATTAN,General Physician,No Address Available,General Physician
Dr. Qasim Amin,PAKPATTAN,General Physician,No Address Available,General Physician
Dr. Asfand Waqar,PAKPATTAN,General Physician,No Address Available,General Physician
Dr. Sajida Anwar,PAKPATTAN,Pediatrician,"Hamza Cardex Hospital, Kacheri Road, Pakpattan",Pediatrician
Dr. Tariq Javed Chaudhary,PASRUR,Pediatrician,"Javed Zamir Children Clinic, Timber Market, Pasrur",Pediatrician
Dr. Faizan Qasim,PASRUR,General Physician,"Akber Begum Trust Hospital, Sialkot Road, Pasrur",General Physician
Dr. Sultan Ali,PATTOKI,General Physician,"Ibrahim Hospital, Multan Road, Pattoki",General Physician
Dr. Muhammad Kashif,RAHIM-YAR-KHAN,Dermatologist,"Moosa Skin &amp; Laser Clinic, punjab, Rahim Yar Khan",Dermatologist
Dr. Sumera Yousaf,RAHIM-YAR-KHAN,Dermatologist,"Abdullah Medical complex(Khanpur), Khanpur, Khanpur",Dermatologist
Dr. Sarah Anwar,RAHIM-YAR-KHAN,Dermatologist,"Harris hospita, Quaide azam road, Rahim Yar Khan",Dermatologist
Dr. Sohaib Anjum,RAHIM-YAR-KHAN,Dermatologist,No Address Available,Dermatologist
Dr. Muhammad Kashif Imran,RAHIM-YAR-KHAN,Dermatologist,"Al-Noor Hospital And Eye Complex, Officers Colony, Rahim Yar Khan",Dermatologist
Dr. Tanvir Ur Rehman,RAHIM-YAR-KHAN,Dermatologist,"Nisar Medical Complex Hospital, Officers Colony, Rahim Yar Khan",Dermatologist
Dr. Jamal Rafique,RAHIM-YAR-KHAN,Dermatologist,"Hafeez Eye Hospital, Officers Colony, Rahim Yar Khan",Dermatologist
Dr. Asad Hussain,RAHIM-YAR-KHAN,Neurologist,"Daar Us Salam Medical Center, Officers Colony, Rahim Yar Khan",Neurologist
Dr. Gulsher Ahmed,RAHIM-YAR-KHAN,Neurologist,"Naveed Clinic, Rahim Yar Khan, Rahim Yar Khan",Neurologist
Dr. M Afzal Sheikh,RAHIM-YAR-KHAN,Neurologist,"Sajid Surgical Hospital, Haji Muhammad Colony, Rahim Yar Khan",Neurologist
Dr. Shaheeb Anwar,RAHIM-YAR-KHAN,Neurologist,"Daar Us Salam Medical Center, Officers Colony, Rahim Yar Khan",Neurologist
Dr. Shoaib Anwar,RAHIM-YAR-KHAN,Neurologist,"Daar Us Salam Medical Center, Officers Colony, Rahim Yar Khan",Neurologist
Dr. Waqar Aziz,RAHIM-YAR-KHAN,Neurologist,"Sajid Surgical Hospital, Haji Muhammad Colony, Rahim Yar Khan",Neurologist
Dr. Wazeer Ali Khan,RAHIM-YAR-KHAN,Neurologist,"City Hospital, Haji Muhammad Colony, Rahim Yar Khan",Neurologist
Dr. Maha Mukhtar,RAHIM-YAR-KHAN,Gynecologist,"Mukhtar Medicares, Sadiqabad, Rahim Yar Khan",Gynecologist
Dr. Adila Shahnaz,RAHIM-YAR-KHAN,Gynecologist,No Address Available,Gynecologist
Prof. Dr. Saima Zulfiqar,RAHIM-YAR-KHAN,Gynecologist,"Hamza Medicare Hospital, Officers Colony, Rahim Yar Khan",Gynecologist
Dr. Shazia Malik,RAHIM-YAR-KHAN,Gynecologist,"Nisar Medical Complex Hospital, Officers Colony, Rahim Yar Khan",Gynecologist
Dr. Abida Riaz,RAHIM-YAR-KHAN,Gynecologist,"The Children Complex Hospital, Babar Colony, Rahim Yar Khan",Gynecologist
Dr. Farhat Yasmeen,RAHIM-YAR-KHAN,Gynecologist,"Pakistan medical centre, Hospital road, Rahim Yar Khan",Gynecologist
Dr. Nuzhet Rasheed,RAHIM-YAR-KHAN,Gynecologist,"Daar Us Salam Medical Center, Officers Colony, Rahim Yar Khan",Gynecologist
Dr. Sadia Zahoor,RAHIM-YAR-KHAN,Gynecologist,"C-19, Rahim Yar Khan, Rahim Yar Khan",Gynecologist
Dr. Muhammad Saddiq Haris,RAHIM-YAR-KHAN,Urologist,"Doctors Clinic, Mazhar Farid Colony, Sadiqabad",Urologist
Dr. Muhammad Anwar,RAHIM-YAR-KHAN,Urologist,"Zainab Hospital, Haji Muhammad Colony, Rahim Yar Khan",Urologist
Dr. Syed Atif Hussain,RAHIM-YAR-KHAN,Urologist,"Nisar Medical Complex Hospital, Officers Colony, Rahim Yar Khan",Urologist
Dr. Imran Hussain,RAHIM-YAR-KHAN,Urologist,"Doctors Clinic, Officers Colony, Rahim Yar Khan",Urologist
Dr. Muhammad Omer Farooq,RAHIM-YAR-KHAN,Gastroenterologist,"(RYK) Rahim Yar Khan Hospital, Darhi Sanghi, Rahim Yar Khan",Gastroenterologist
Asst. Prof. Dr. Muhammad Kamran Farooq,RAHIM-YAR-KHAN,Gastroenterologist,No Address Available,Gastroenterologist
Dr. Maher Asif Naul,RAHIM-YAR-KHAN,Gastroenterologist,No Address Available,Gastroenterologist
Dr. Israr Ul Haq,RAHIM-YAR-KHAN,Gastroenterologist,"Nisar Medical Complex Hospital, Officers Colony, Rahim Yar Khan",Gastroenterologist
Dr. Moeen Malik,RAHIM-YAR-KHAN,Gastroenterologist,"City Hospital, Haji Muhammad Colony, Rahim Yar Khan",Gastroenterologist
Dr. Muhammad Imran Sohail,RAHIM-YAR-KHAN,Pulmonologist / Lung Specialist,"Amin Medical Complex, Shahi Road, Sadiqabad",Pulmonologist / Lung Specialist
Dr. Ahmad Zaki Niazi,RAHIM-YAR-KHAN,Pulmonologist / Lung Specialist,No Address Available,Pulmonologist / Lung Specialist
Dr. M. Ahmed,RAHIM-YAR-KHAN,Pulmonologist / Lung Specialist,"Shaikh Zaid Medical College And Hospital, Babar Colony, Rahim Yar Khan",Pulmonologist / Lung Specialist
Dr. Rana Nasir Ali,RAHIM-YAR-KHAN,Pulmonologist / Lung Specialist,"Shaikh Zaid Medical College And Hospital, Babar Colony, Rahim Yar Khan",Pulmonologist / Lung Specialist
Dr. Hafiz M. Rizwan,RAHIM-YAR-KHAN,Pulmonologist / Lung Specialist,"Shaikh Zaid Medical College And Hospital, Babar Colony, Rahim Yar Khan",Pulmonologist / Lung Specialist
Dr. M. Waseem,RAHIM-YAR-KHAN,Pulmonologist / Lung Specialist,"Shaikh Zaid Medical College And Hospital, Babar Colony, Rahim Yar Khan",Pulmonologist / Lung Specialist
Dr. Abdul Salam,RAHIM-YAR-KHAN,Pulmonologist / Lung Specialist,"Shaikh Zaid Medical College And Hospital, Babar Colony, Rahim Yar Khan",Pulmonologist / Lung Specialist
Dr. Ghulam Rabbani Awasi,RAHIM-YAR-KHAN,Pulmonologist / Lung Specialist,"Rabbani Medical Complex Hospital, Officers Colony, Rahim Yar Khan",Pulmonologist / Lung Specialist
Dr. Hafiz Muhammad Rizwan,RAHIM-YAR-KHAN,Pulmonologist / Lung Specialist,"Hamza Medicare Hospital, Officers Colony, Rahim Yar Khan",Pulmonologist / Lung Specialist
Assoc. Prof. Dr. Abdul Rauf Ch,RAHIM-YAR-KHAN,Orthopedic Surgeon,"(RYK) Rahim Yar Khan Hospital, Darhi Sanghi, Rahim Yar Khan",Orthopedic Surgeon
Dr. Muhammad Aamir Rehman,RAHIM-YAR-KHAN,Orthopedic Surgeon,No Address Available,Orthopedic Surgeon
Dr. M Zafar Iqbal,RAHIM-YAR-KHAN,Orthopedic Surgeon,"Shaikh Zaid Medical College And Hospital, Babar Colony, Rahim Yar Khan",Orthopedic Surgeon
Assoc. Prof. Dr. Naseer Ahmad Ch,RAHIM-YAR-KHAN,Orthopedic Surgeon,"Shaikh Zaid Medical College And Hospital, Babar Colony, Rahim Yar Khan",Orthopedic Surgeon
Assoc. Prof. Dr. Asghar Ali Ch,RAHIM-YAR-KHAN,Orthopedic Surgeon,"Shaikh Zaid Medical College And Hospital, Babar Colony, Rahim Yar Khan",Orthopedic Surgeon
Dr. Muhammad Shahid Riaz,RAHIM-YAR-KHAN,Orthopedic Surgeon,"Nisar Medical Complex Hospital, Officers Colony, Rahim Yar Khan",Orthopedic Surgeon
Dr. Zia Nisar,RAHIM-YAR-KHAN,Orthopedic Surgeon,"Shaikh Zaid Medical College And Hospital, Babar Colony, Rahim Yar Khan",Orthopedic Surgeon
Dr. Amir Hammed,RAHIM-YAR-KHAN,Orthopedic Surgeon,"Shaikh Zaid Medical College And Hospital, Babar Colony, Rahim Yar Khan",Orthopedic Surgeon
Dr. Shahnawaz,RAHIM-YAR-KHAN,Orthopedic Surgeon,"Shaikh Zaid Medical College And Hospital, Babar Colony, Rahim Yar Khan",Orthopedic Surgeon
Dr. Tahir Shafi,RAHIM-YAR-KHAN,Orthopedic Surgeon,"Shaikh Zaid Medical College And Hospital, Babar Colony, Rahim Yar Khan",Orthopedic Surgeon
Assoc. Prof. Dr. Raghib Iqbal,RAHIM-YAR-KHAN,Pediatrician,"Daar Us Salam Medical Center, Officers Colony, Rahim Yar Khan",Pediatrician
Dr. Qamar Hussain,RAHIM-YAR-KHAN,Pediatrician,"Rehman Family Hospital, punjab, Rahim Yar Khan",Pediatrician
Dr. Mudassar Rasheed,RAHIM-YAR-KHAN,Pediatrician,"Alshifa Children Hospital, Sadiqabad, Rahim Yar Khan",Pediatrician
Dr. Hafiz Muhammad Tayyab,RAHIM-YAR-KHAN,Pediatrician,"Hameed Hospital, Model Town, Rahim Yar Khan",Pediatrician
Dr. Umber Mushtaq,RAHIM-YAR-KHAN,Pediatrician,No Address Available,Pediatrician
Prof. Dr. Makhdoom Basharat,RAHIM-YAR-KHAN,Pediatrician,No Address Available,Pediatrician
Prof. Dr. Muhammad Saleem Laghari,RAHIM-YAR-KHAN,Pediatrician,No Address Available,Pediatrician
Dr. Hammad Ali Asad,RAHIM-YAR-KHAN,Pediatrician,"Shifa General Clinic, Liaqatpur, Rahim Yar Khan",Pediatrician
Dr. Tanveer Saleem,RAHIM-YAR-KHAN,Pediatrician,"Huzaifa Clinic, Jinnah Park, Rahim Yar Khan",Pediatrician
Dr. Abid Saeed Dar,RAHIM-YAR-KHAN,Pediatrician,"Al-Saeed Medical Complex Hospital, Khan Pur Road, Rahim Yar Khan",Pediatrician
Dr. Kamran Han,RAHIM-YAR-KHAN,Pediatrician,"Ismail Hospital, Officers Colony, Rahim Yar Khan",Pediatrician
Dr. Muhammad Akhtar Masood,RAHIM-YAR-KHAN,Pediatrician,"The Children Complex Hospital, Babar Colony, Rahim Yar Khan",Pediatrician
Dr. Asim Munir Alvi Consultant Endocrinologist,RAHIM-YAR-KHAN,General Physician,"Medicare Hospital, Tipu Sultan Colony, Multan",General Physician
Dr. Usman Ghani,RAHIM-YAR-KHAN,General Physician,"Rehmat Clinic &amp; Diagnostic Center, Bypass Road, Rahim Yar Khan",General Physician
Dr. Usman Masood,RAHIM-YAR-KHAN,General Physician,"Al Noor Hospital, Rahim Yar Khan, Rahim Yar Khan",General Physician
Prof. Dr. Moazzam Ali Atif,RAHIM-YAR-KHAN,General Physician,No Address Available,General Physician
Dr. Osama Munir,RAHIM-YAR-KHAN,General Physician,No Address Available,General Physician
Dr. Muhammad Ilyas,RAHIM-YAR-KHAN,General Physician,"Iqbalabad Hospital, Rahim Yar Khan, Rahim Yar Khan",General Physician
Dr. Muhammad Hakim Ali,RAHIM-YAR-KHAN,General Physician,"Fareed Ud Din Clinic, Khanpur, Rahim Yar Khan",General Physician
Dr. Rabia Saeed,RAHIM-YAR-KHAN,General Physician,"Hamdani Hospital Rahimyar Khan, Rahim Yar Khan, Rahim Yar Khan",General Physician
Dr. Mohammad Irfan Qazi,RAHIM-YAR-KHAN,General Physician,"IDC Lab &amp; Diagnostic Center Rahim Yar Khan, Sheikh Zaid Hospital Road, Rahim Yar Khan",General Physician
Dr. Nada Mughal,RAHIM-YAR-KHAN,General Physician,No Address Available,General Physician
Dr. Haq Nawaz,RAHIM-YAR-KHAN,General Physician,No Address Available,General Physician
Dr. Mubashir Younis,RAHIM-YAR-KHAN,General Physician,No Address Available,General Physician
Prof. Dr. Abid Hussain,RAHIM-YAR-KHAN,Nephrologist,"Hamza Medicare Hospital, Officers Colony, Rahim Yar Khan",Nephrologist
Asst. Prof. Dr. Azhar Iqbal,RAHIM-YAR-KHAN,Nephrologist,"(RYK) Rahim Yar Khan Hospital, Darhi Sanghi, Rahim Yar Khan",Nephrologist
Dr. Ahmad Raza,RAHIM-YAR-KHAN,Nephrologist,"Al Khidmat Medical Complex Hospital, Trust Colony, Rahim Yar Khan",Nephrologist
Dr. Kanza Rehman,RAHIM-YAR-KHAN,Ent Specialist,"Sayyad Clinic, Model Town, Rahim Yar Khan",Ent Specialist
Dr. Irshad Ul Haq,RAHIM-YAR-KHAN,Ent Specialist,"Daar Us Salam Medical Center, Officers Colony, Rahim Yar Khan",Ent Specialist
Dr. Shahzad Qadri,RAHIM-YAR-KHAN,Ent Specialist,"Junaid Medicare, Rahim Yar Khan, Rahim Yar Khan",Ent Specialist
Prof. Dr. Ghulam Sabir,RAHIM-YAR-KHAN,Eye Surgeon,"Al Basarat Hospital, Haji Muhammad Colony, Rahim Yar Khan",Eye Surgeon
Dr. Faiz Rasool Chaudhry,RAHIM-YAR-KHAN,Eye Surgeon,"Faiz Eye Center, Babar Colony, Rahim Yar Khan",Eye Surgeon
Dr. Ali Bokhari,RAHIM-YAR-KHAN,Neuro Surgeon,"Abdullah Hospital, Rahim Yar Khan, Rahim Yar Khan",Neuro Surgeon
Dr. Ammara Batool,RAJAN-PUR,Gynecologist,No Address Available,Gynecologist
Dr. Afia Majid,RAJAN-PUR,Gynecologist,No Address Available,Gynecologist
Dr. Muhammad Faisal Khursheed,RAJAN-PUR,Pulmonologist / Lung Specialist,"Nishtar Chest Care Clinic, Jampur, Rajan Pur",Pulmonologist / Lung Specialist
Dr. Zeeshan Sajid,RAJAN-PUR,Pediatrician,"Wali Muhammad Child Care Clinic, Zia Shaheed Rd, Rajan Pur",Pediatrician
Dr. Muhammad Arslan Tariq,RAJAN-PUR,General Physician,"Jinnah Hospital, Faisal Town, Lahore",General Physician
Dr. Shabana Mehmood Malik,RAJAN-PUR,General Physician,No Address Available,General Physician
Dr. Ahmad Hamza,RAJAN-PUR,General Physician,No Address Available,General Physician
Dr. Haris Shakeel,RAJAN-PUR,General Physician,No Address Available,General Physician
Assoc. Prof. Dr. Muhammad Abdul Quddus,RAWALAKOT,Gastroenterologist,No Address Available,Gastroenterologist
Asst. Prof. Dr. Raja Imtiaz Ahmed,RAWALAKOT,Pediatrician,No Address Available,Pediatrician
Assoc. Prof. Dr. Shahid Iqbal,RAWALAKOT,Pediatrician,"Ali Imran Hospital, Poonch, Rawalakot",Pediatrician
Dr. Sania Altaf,RAWALAKOT,Pediatrician,"United Hospital, Bypass Road, Rawalakot",Pediatrician
Dr. Muhammad Zubair,RAWALAKOT,Gastroenterologist,No Address Available,Gastroenterologist
Dr. Ifra Gul,RENALA-KHURD,General Physician,No Address Available,General Physician
Dr. Bushra Hassan,RIYADH,Dermatologist,No Address Available,Dermatologist
Dr. Saadia Waqas,RIYADH,Pediatrician,No Address Available,Pediatrician
Dr. Muhammad Yousuf,RIYADH,Pediatrician,No Address Available,Pediatrician
Dr. Tanweer Iqbal,RIYADH,Nephrologist,No Address Available,Nephrologist
Dr. Muhammad Kashif,SADIQABAD,Dermatologist,"Moosa Skin &amp; Laser Clinic, punjab, Rahim Yar Khan",Dermatologist
Dr. Sumera Yousaf,SADIQABAD,Dermatologist,"Abdullah Medical complex(Khanpur), Khanpur, Khanpur",Dermatologist
Dr. Abdul Raheem,SADIQABAD,Dermatologist,"Amna Hospital, Hospital Rd, Sadiqabad",Dermatologist
Dr. Sarah Anwar,SADIQABAD,Dermatologist,"Harris hospita, Quaide azam road, Rahim Yar Khan",Dermatologist
Dr. M.akram Ch,SADIQABAD,Dermatologist,"Akram Skin Care Hospital, Mujahid Colony, Sadiqabad",Dermatologist
Dr. Mansoor Mubarik,SADIQABAD,Dermatologist,"Millat Hospital, Sadiqabad, Sadiqabad",Dermatologist
Dr. Sehar Anwar,SADIQABAD,Gynecologist,No Address Available,Gynecologist
Dr. Muhammad Saddiq Haris,SADIQABAD,Urologist,"Doctors Clinic, Mazhar Farid Colony, Sadiqabad",Urologist
Dr. Muhammad Imran Sohail,SADIQABAD,Pulmonologist / Lung Specialist,"Amin Medical Complex, Shahi Road, Sadiqabad",Pulmonologist / Lung Specialist
Dr. Rasheed Ahmad Chohdry,SADIQABAD,Orthopedic Surgeon,"Thq Sadiq Abad Hospital, Sadiqabad City, Sadiqabad",Orthopedic Surgeon
Dr. Waqar Cheema,SADIQABAD,Orthopedic Surgeon,"Thq Sadiq Abad Hospital, Sadiqabad City, Sadiqabad",Orthopedic Surgeon
Dr. Mohsin Bilal,SADIQABAD,Orthopedic Surgeon,"Thq Sadiq Abad Hospital, Sadiqabad City, Sadiqabad",Orthopedic Surgeon
Dr. Mujahid Mehmood,SADIQABAD,Orthopedic Surgeon,"Thq Sadiq Abad Hospital, Sadiqabad City, Sadiqabad",Orthopedic Surgeon
Dr. Sher Mehmood,SADIQABAD,Orthopedic Surgeon,"Thq Sadiq Abad Hospital, Sadiqabad City, Sadiqabad",Orthopedic Surgeon
Dr. Sajid Iqbal,SADIQABAD,Pediatrician,"Thq Sadiq Abad Hospital, Sadiqabad City, Sadiqabad",Pediatrician
Dr. Saleem Ahmad Eidin,SADIQABAD,Pediatrician,"Khushi Clinic, Mujahid Colony, Sadiqabad",Pediatrician
Dr. Nimra Arshad,SADIQABAD,Gynecologist,No Address Available,Gynecologist
Dr. Asif Javed Bismil,SADIQABAD,General Physician,No Address Available,General Physician
Dr. Imran Raees,SADIQABAD,General Physician,No Address Available,General Physician
Dr. Yousaf Saeed,SADIQABAD,General Physician,No Address Available,General Physician
Dr. Taimur Ul Hassan,SADIQABAD,General Physician,"Thq Sadiq Abad Hospital, Sadiqabad City, Sadiqabad",General Physician
Dr. Sara Rashid,SADIQABAD,Family Medicine,No Address Available,Family Medicine
Dr. Muhammad Abdul Moheymun,SADIQABAD,General Surgeon,No Address Available,General Surgeon
Dr. Fiza Amjad,SADIQABAD,General Physician,No Address Available,General Physician
Dr. Munir Ahmad,SADIQABAD,General Physician,"Thq Sadiq Abad Hospital, Sadiqabad City, Sadiqabad",General Physician
Dr. Khalid Masood,SADIQABAD,General Physician,"Thq Sadiq Abad Hospital, Sadiqabad City, Sadiqabad",General Physician
Dr. Nadeem Akhter,SADIQABAD,General Physician,"Thq Sadiq Abad Hospital, Sadiqabad City, Sadiqabad",General Physician
Dr. Ihsan Ul Haq,SADIQABAD,General Physician,"Thq Sadiq Abad Hospital, Sadiqabad City, Sadiqabad",General Physician
Dr. Suhaib Arshad Chaudhry,SADIQABAD,Eye Surgeon,"Millat Hospital, Sadiqabad, Sadiqabad",Eye Surgeon
Dr. Javed Anjum,SADIQABAD,Neuro Surgeon,"Millat Hospital, Sadiqabad, Sadiqabad",Neuro Surgeon
Dr. Aisha Ch,SAHIWAL,Dermatologist,"Dr Aisha Skin Laser and Aesthetics Clinic, Fareed Town, Sahiwal",Dermatologist
Dr. Rabbia Ijaz,SAHIWAL,Dermatologist,"Jamila Rafiq polyclinic, Railway Rd, Sahiwal",Dermatologist
Dr. Anwar Ul Haq,SAHIWAL,Dermatologist,"Skin Care Center, Fateh Sher Colony, Sahiwal",Dermatologist
Asst. Prof. Dr. Waqas Arshad,SAHIWAL,Neurologist,"Chughtai Medical Center Jail Road, Gulberg 5, Lahore",Neurologist
Dr. Batool Zahoor,SAHIWAL,Neurologist,"Mid City Hospital, Chowk, Sahiwal",Neurologist
Dr. Muhammad Asif,SAHIWAL,Neurologist,"Sahiwal International Hospital, Near General Bus Stand, Sahiwal",Neurologist
Dr. Noor Ul Ain Rauf,SAHIWAL,Gynecologist,No Address Available,Gynecologist
Dr. Anam Jameel,SAHIWAL,Gynecologist,No Address Available,Gynecologist
Asst. Prof. Dr. Hassaan Yousaf Bhutta,SAHIWAL,Gastroenterologist,"Wamiq Surgical Hospital, Fateh Sher Colony, Sahiwal",Gastroenterologist
Dr. Shahid Pervaiz,SAHIWAL,Pulmonologist / Lung Specialist,"Sahiwal Chest Clinic, Kot Khadim Ali Shah, Sahiwal",Pulmonologist / Lung Specialist
Dr. Aun Bin Shahid,SAHIWAL,Pulmonologist / Lung Specialist,"Makki Hospital, Sahiwal, Sahiwal",Pulmonologist / Lung Specialist
Asst. Prof. Dr. Muhammad Waseem,SAHIWAL,Pulmonologist / Lung Specialist,"Waseem Chest Clinic, fateh sher Road, Sahiwal",Pulmonologist / Lung Specialist
Dr. Sohail Nasir,SAHIWAL,Pulmonologist / Lung Specialist,"Langrial Surgimed Hospital, Fateh Sher Colony, Sahiwal",Pulmonologist / Lung Specialist
Dr. M Shahid Pervaiz,SAHIWAL,Pulmonologist / Lung Specialist,"Civil Hospital Sahiwal, Noor Shah, Sahiwal",Pulmonologist / Lung Specialist
Dr. Saad Salman Ahmad,SAHIWAL,Orthopedic Surgeon,"University hospital sahiwal, Sahiwal, Sahiwal",Orthopedic Surgeon
Dr. Ahsan Nawaz,SAHIWAL,Orthopedic Surgeon,"Al-Khidmat Hospital Sahiwal, Jamia Farida Road, Sahiwal",Orthopedic Surgeon
Dr. Arslan Ali,SAHIWAL,Orthopedic Surgeon,"Saeed surgical complex, rehmatullah town, Okara",Orthopedic Surgeon
Dr. M Hassan Ibrahim,SAHIWAL,Orthopedic Surgeon,"Wamiq Surgical Hospital, Fateh Sher Colony, Sahiwal",Orthopedic Surgeon
Dr. Humayun Israr,SAHIWAL,Orthopedic Surgeon,"Zafar Hospital And Maternity Home, Muslim Abad, Sahiwal",Orthopedic Surgeon
Dr. Omair Mustafa Dogar,SAHIWAL,Pediatrician,No Address Available,Pediatrician
Dr. Abdur Rehman Ilyas,SAHIWAL,General Physician,No Address Available,General Physician
Dr. Rehana Irfan,SAHIWAL,General Physician,No Address Available,General Physician
Dr. Saqib Manzoor,SAHIWAL,General Physician,"DHQ Hospital Pakpattan, Pakpatan, Pakpattan",General Physician
Dr. Malik Azhar Ali Ahmad,SAHIWAL,General Physician,No Address Available,General Physician
Dr. Iqra Javed,SAHIWAL,General Physician,No Address Available,General Physician
Dr. Hafiza Maroofa Tariq,SAHIWAL,General Physician,No Address Available,General Physician
Dr. Ameer Hamza,SAHIWAL,Ent Specialist,"FARHAT HOSPITAL, Sahiwal, Sahiwal",Ent Specialist
Dr. Muhammad Numan Farooq,SAHIWAL,General Physician,No Address Available,General Physician
Dr. Luqman Akhtar,SAHIWAL,General Physician,No Address Available,General Physician
Dr. Saad Bin Waheed,SAHIWAL,General Physician,No Address Available,General Physician
Dr. Noor Fatima,SAHIWAL,General Physician,No Address Available,General Physician
Dr. Nida E Zahra,SAHIWAL,General Physician,No Address Available,General Physician
Dr. Samee Ullah Khan,SAHIWAL,Nephrologist,"City Cinic Sahiwal, Noor Shah, Sahiwal",Nephrologist
Asst. Prof. Dr. Ahmed Ayyaz,SAHIWAL,Nephrologist,"Sahiwal International Hospital, Near General Bus Stand, Sahiwal",Nephrologist
Dr. Kamran Siddique,SAHIWAL,Ent Specialist,"Aqil Memorial Hospital, Sahiwal, Sahiwal",Ent Specialist
Dr. Abdul Manan,SAHIWAL,Ent Specialist,No Address Available,Ent Specialist
Dr. Asad Shah,SAHIWAL,Neuro Surgeon,"Evercare Hospital, Nespak Housing Scheme, Lahore",Neuro Surgeon
Dr. Muhammed Shahnawaz,SAMUNDRI,General Physician,"Chawla Medical Center, Samundri, Faisalabad",General Physician
Dr. Muhammad Anees,SAMUNDRI,General Physician,"Mian Medicare Samundri, Samundri, Samundri",General Physician
Dr. Asif Ali,SHAHDADPUR,Orthopedic Surgeon,"Ibne Qasim hospital, Qasimabad, Hyderabad",Orthopedic Surgeon
Dr. Afia Shareef Chaudhary,SHAHKOT,Gynecologist,No Address Available,Gynecologist
Dr. Beenish Anwar,SHEIKHUPURA,Dermatologist,"Darul Barkat Medicare Hospital, Stadium Road, Sheikhupura",Dermatologist
Dr. Moazzam Javaid Cheema,SHEIKHUPURA,Neurologist,"Central Hospital Gujranwala, GT Road, Gujranwala",Neurologist
Dr. Muhammad Umer Farooq,SHEIKHUPURA,Neurologist,"New Life Hospital, Muhammadpura, Sialkot",Neurologist
Dr. Shumaila Qayyum,SHEIKHUPURA,Gynecologist,No Address Available,Gynecologist
Dr. Muhammad Sabir Ashraf,SHEIKHUPURA,Urologist,"Sabir Surgical Hospital, Housing Colony, Sheikhupura",Urologist
Dr. Salman Ahmad Ansari,SHEIKHUPURA,Gastroenterologist,"Luqman Hospital, Civil Lines, Sheikhupura",Gastroenterologist
Dr. Cap Muhammad Imran,SHEIKHUPURA,Gastroenterologist,No Address Available,Gastroenterologist
Dr. Usama Faizan,SHEIKHUPURA,Gastroenterologist,"Siddique Hospital, Civil Lines, Sheikhupura",Gastroenterologist
Dr. Syed Tayyab Hassan,SHEIKHUPURA,Orthopedic Surgeon,No Address Available,Orthopedic Surgeon
Dr. Muhammad Taqi,SHEIKHUPURA,Orthopedic Surgeon,No Address Available,Orthopedic Surgeon
Dr. Adnan Ullah Hashmi,SHEIKHUPURA,Pediatrician,"Gillani Surgical Hospital, Sheikhupura, Sheikhupura",Pediatrician
Dr. Muhammad Awais Butt,SHEIKHUPURA,Pediatrician,"Shafiq Children Clinic, , Civil Lines, Sheikhupura",Pediatrician
Dr. M Hassan,SHEIKHUPURA,General Physician,"District Head Quarter Hospital, Sheikhupura, Sheikhupura",General Physician
Dr. Iram Ehmad,SHEIKHUPURA,General Physician,No Address Available,General Physician
Dr. Muhammad Abdullah Hashmi,SHEIKHUPURA,Internal Medicine Specialist,"Fatima Memorial Dental Hospital, Shadman 1, Lahore",Internal Medicine Specialist
Dr. Shahid Iqbal,SHEIKHUPURA,General Physician,"Independent University Hospital, Nurwala Road, School Stop, Faisalabad",General Physician
Dr. Nazia Yousaf,SHEIKHUPURA,General Physician,"Yousaf Qureshi Hospital, Allama Iqbal Park, Sheikhupura",General Physician
Dr. Muhammad Zeeshan Arif,SHEIKHUPURA,General Physician,No Address Available,General Physician
Dr. Arslan Sarwar,SHEIKHUPURA,General Physician,"Tariq Hospital, punjab, Sheikhupura",General Physician
Dr. Muhammad Younas Munir,SHEIKHUPURA,General Physician,"My Family Clinic, Faisalabad Road, Sheikhupura",General Physician
Dr. Muhammad Qasim Umer,SHEIKHUPURA,Nephrologist,No Address Available,Nephrologist
Dr. Shahzaib,SHEIKHUPURA,Neuro Surgeon,"Sultan Hospital, Housing collony chowk, Sheikhupura",Neuro Surgeon
Dr. Syeda Mehr Batool,SHORKOT,Pediatrician,No Address Available,Pediatrician
Dr. Muhammad Imran Haider,SHORKOT,Pediatrician,"Haleema Surgical Hospital, 0, shorkot",Pediatrician
Dr. Muhammad Hamza Tariq,SHORKOT,General Physician,No Address Available,General Physician
Dr. Sajjad Hussain,SKARDU,Gastroenterologist,"Baltistan Surgical and Medical Complex, skardu, Skardu",Gastroenterologist
Dr. Muhammad Younus,SKARDU,General Physician,No Address Available,General Physician
Dr. Fiza Sharaf,SUKKUR,Gynecologist,"City Health Care Hospital, sukkur, Sukkur",Gynecologist
Dr. Arooba Bhutto,SUKKUR,Gynecologist,"Red Crescent General Hospital / Hilal-e-Ahmer, minara road, Sukkur",Gynecologist
Asst. Prof. Dr. Naveed Mahar,SUKKUR,Urologist,No Address Available,Urologist
Dr. Muhammad Nasir Soomro,SUKKUR,Pulmonologist / Lung Specialist,No Address Available,Pulmonologist / Lung Specialist
Asst. Prof. Dr. Muhammad Younis,SUKKUR,Orthopedic Surgeon,No Address Available,Orthopedic Surgeon
Asst. Prof. Dr. Sijad Ahmed Mahar,SUKKUR,Orthopedic Surgeon,"River City Hospital, sukkur, Sukkur",Orthopedic Surgeon
Dr. Sajid Ali,SUKKUR,Pediatrician,No Address Available,Pediatrician
Dr. Muhammad Zubair,SUKKUR,Pediatrician,No Address Available,Pediatrician
Dr. Mehmood Ahmed,SUKKUR,Pediatrician,"Red Crescent General Hospital / Hilal-e-Ahmer, minara road, Sukkur",Pediatrician
Dr. Rubab Fatima,SUKKUR,General Physician,No Address Available,General Physician
Dr. Ubedullah Buriro,SUKKUR,General Physician,No Address Available,General Physician
Dr. Mahnoor,SUKKUR,General Physician,No Address Available,General Physician
Dr. Ihsan Ullah,SUKKUR,General Physician,No Address Available,General Physician
Dr. Muhammad Saleh,SUKKUR,General Physician,No Address Available,General Physician
Dr. Rida Babar,SUKKUR,General Physician,No Address Available,General Physician
Dr. Tanveer Shaikh,SUKKUR,Nephrologist,"Red Crescent General Hospital / Hilal-e-Ahmer, minara road, Sukkur",Nephrologist
Prof. Dr. Abdul Nasir Siddiqui,SUKKUR,Ent Specialist,No Address Available,Ent Specialist
Asst. Prof. Dr. Ishfaque Ahmed,SUKKUR,Neuro Surgeon,"Hira Medical Center, Barrage Colony, Sukkur",Neuro Surgeon
Dr. Mohammad Usman Khan,SWABI,Neurologist,"Dua Medical Centre, Keley Mardan, Swabi",Neurologist
Dr. Sara Gul,SWABI,Gynecologist,"Al jannat Hospital &amp; Infertility Center Swabi, Kala Pul, Swabi",Gynecologist
Dr. Alia Zeb,SWABI,Gynecologist,"Care and Cure medical complex, Islamabad, Islamabad",Gynecologist
Dr. Asma Gul,SWABI,Gynecologist,"Jamal Medical Center, Gharibabad Maniri, Swabi",Gynecologist
Dr. Saima Iram,SWABI,Gynecologist,"Jamal Medical Center, Gharibabad Maniri, Swabi",Gynecologist
Dr. Sajjida Usman,SWABI,Gynecologist,"New Life Hospital, Banars Colony, Swabi",Gynecologist
Dr. Nasreen Akhtar,SWABI,Gynecologist,"Doctors Medical Center, Banars Colony, Swabi",Gynecologist
Dr. Rukhsana,SWABI,Gynecologist,"Sardar Memorial Hospital, Gharibabad Maniri, Swabi",Gynecologist
Dr. Iqbal Begum,SWABI,Gynecologist,"Jamal Medical Center, Gharibabad Maniri, Swabi",Gynecologist
Dr. Zil E Huma,SWABI,Gynecologist,"Dua Medical Centre, Keley Mardan, Swabi",Gynecologist
Dr. Muhammad Zubair,SWABI,Gastroenterologist,"Dawood Medical Center, Main GIKI Road, Topi",Gastroenterologist
Dr. Iltaf,SWABI,Gastroenterologist,"Jamal Medical Center, Gharibabad Maniri, Swabi",Gastroenterologist
Dr. Fazal Mannan,SWABI,Gastroenterologist,"Jamal Medical Center, Gharibabad Maniri, Swabi",Gastroenterologist
Dr. Lal Zada,SWABI,Pulmonologist / Lung Specialist,"Sardar Memorial Hospital, Gharibabad Maniri, Swabi",Pulmonologist / Lung Specialist
Dr. Muhammad Arsalan Mabood,SWABI,Orthopedic Surgeon,"Idrees Plaza, Khyber Pakhtunkhwa, Swabi",Orthopedic Surgeon
Assoc. Prof. Dr. Sajjad Ur Rehman,SWABI,Pediatrician,"Jamal Medical Center, Gharibabad Maniri, Swabi",Pediatrician
Dr. Inayat Ullah,SWABI,Pediatrician,"Bacha Khan Medical Complex, Khyber Pakhtunkhwa, Swabi",Pediatrician
Dr. Bibi Asma,SWABI,Pediatrician,No Address Available,Pediatrician
Dr. Khushdil Khan,SWABI,Pediatrician,"Jamal Medical Center, Gharibabad Maniri, Swabi",Pediatrician
Dr. Wali Mohammad,SWABI,Pediatrician,"Jamal Medical Center, Gharibabad Maniri, Swabi",Pediatrician
Dr. Syed Atiq Ur Rehman,SWABI,Pediatrician,"Dr Atiq Children Clinic tordher, Tordher, Swabi",Pediatrician
Dr. Roohullah,SWABI,Pediatrician,"Sardar Memorial Hospital, Gharibabad Maniri, Swabi",Pediatrician
Dr. Faiza Rehman,SWABI,Gynecologist,"ISRAR Medical Center Yarhussain, KPK, Swabi",Gynecologist
Dr. Shahid Akbar,SWABI,General Physician,"Dua Medical Centre, Keley Mardan, Swabi",General Physician
Dr. Wasim Akram,SWABI,General Physician,"Ibrahimi Hospital, Khyber Pakhtunkhwa, Swat",General Physician
Dr. Ubaid Ullah Asad,SWABI,Family Medicine,No Address Available,Family Medicine
Dr. Salim Riaz,SWABI,General Physician,"Mahaban Medical And research Hospital, Swabi, Swabi",General Physician
Dr. Akhtar Ali Shah,SWABI,General Physician,"Jamal Medical Center, Gharibabad Maniri, Swabi",General Physician
Dr. Mohammad Saqib,SWABI,General Physician,"New Life Hospital, Banars Colony, Swabi",General Physician
Dr. Arshad Irshad,SWABI,General Physician,"Doctors Medical Center, Banars Colony, Swabi",General Physician
Dr. Bakhzamin Khan,SWABI,General Physician,"Sardar Memorial Hospital, Gharibabad Maniri, Swabi",General Physician
Dr. Syed Muneeb,SWABI,Nephrologist,"Sardar Memorial Hospital, Gharibabad Maniri, Swabi",Nephrologist
Dr. Zahid Ali Shah,SWABI,Nephrologist,"Dua Medical Centre, Keley Mardan, Swabi",Nephrologist
Dr. Mohammad Adeel,SWABI,Ent Specialist,"Jamal Medical Center, Gharibabad Maniri, Swabi",Ent Specialist
Dr. Muhammad Abbas Khan,SWABI,Neuro Surgeon,"Dr Atta Khan Hospital and Pharmacy, Airport Housing Society, Rawalpindi",Neuro Surgeon
Asst. Prof. Dr. Amer Zaman,SWABI,Neuro Surgeon,No Address Available,Neuro Surgeon
Dr. Rahmat Ali,SWAT,Dermatologist,"The Best Skin &amp; laser Clinic, kumber, Swat",Dermatologist
Asst. Prof. Dr. Sohail Waheed,SWAT,Dermatologist,"Dr Sohail Skin Laser &amp; Aesthetics Hospital, Saidu Sharif, Swat",Dermatologist
Dr. Maham Gul,SWAT,Gynecologist,"Swat Institute of Rehabilitation &amp; Medical Sciences, Khyber Pakhtunkhwa, Pakistan, Swat",Gynecologist
Dr. Sidra Kashif,SWAT,Gynecologist,No Address Available,Gynecologist
Dr. Syed Shabir Ahmad,SWAT,General Physician,No Address Available,General Physician
Dr. Murad Rashid,SWAT,Gastroenterologist,"Rehman Medical Center, college colony, Swat",Gastroenterologist
Dr. Hussain Khan,SWAT,Orthopedic Surgeon,"Roshan Specialised Hospital, Saidu Sharif, Swat",Orthopedic Surgeon
Dr. Majid Nisar,SWAT,Orthopedic Surgeon,"IDC Lab &amp; Diagnostic Centre, Saidu Sharif, Swat",Orthopedic Surgeon
Dr. Jamshid Ali,SWAT,Orthopedic Surgeon,"Mir Khel Medical and Surgical Plaza, Matta, Swat",Orthopedic Surgeon
Dr. Shah Hussain,SWAT,General Physician,"Shifa hospital, mingora, Swat",General Physician
Dr. Tariq Aziz,SWAT,Pediatrician,No Address Available,Pediatrician
Dr. Arif Khan,SWAT,Pediatrician,No Address Available,Pediatrician
Dr. Abdullah Khan,SWAT,Pediatrician,"Hameed children medical center, KPK, Saidu Sharif",Pediatrician
Dr. Amjad Alii,SWAT,General Surgeon,No Address Available,General Surgeon
Dr. Muhammad Kashif Rehmani,SWAT,General Physician,No Address Available,General Physician
Dr. Luqman Hakim,SWAT,General Physician,No Address Available,General Physician
Dr. Hassan Ali Nigar,SWAT,General Physician,"Saidu Teaching Hospital, Saidu Sharif, Swat",General Physician
Dr. Maaz Ullah,SWAT,General Physician,"Lady Reading Hospital, Khyber Pakhtunkhwa, Peshawar",General Physician
Dr. Ihsan Ali Khan,SWAT,General Physician,"Dr Ihsan Hair restoration &amp; Cosmetic Clinic??, Saidu Sharif, Swat",General Physician
Dr. Sohail,SWAT,General Physician,No Address Available,General Physician
Dr. Asim Abbas,SWAT,General Physician,No Address Available,General Physician
Dr. Wasim Akram,SWAT,Neuro Surgeon,"Ibrahimi Hospital, Khyber Pakhtunkhwa, Swat",Neuro Surgeon
Dr. Shahrukh Khan,SWAT,Neuro Surgeon,"Swat Institute of Medical Sciences, Saidu Sharif, Swat",Neuro Surgeon
Dr. Shahab Uddin Khan,SWAT,General Physician,No Address Available,General Physician
Dr. Jibran Khan,SWAT,General Physician,No Address Available,General Physician
Dr. Irfan Ali,SWAT,Ent Specialist,No Address Available,Ent Specialist
Prof. Dr. Ihsan Ullah,SWAT,Ent Specialist,"Dr Ihsan Ullah Clinic, Saidu Sharif, Swat",Ent Specialist
Dr. Sajad Ali,SWAT,Ent Specialist,"Sikandar Medical Infirmary, Matta, Swat",Ent Specialist
Dr. Muhammad Ayaz Khan,SWAT,Eye Surgeon,"Seena Medical Center, Shamozai, Swat",Eye Surgeon
Dr. Muhammad Farooq Sherzada,SWAT,Neuro Surgeon,"Quaid-E-Azam International Hospital, Main Peshawar Road, Islamabad",Neuro Surgeon
Dr. Haider Ali,SWAT,Neuro Surgeon,"Shifa Medical Center, Saidu Sharif, Swat",Neuro Surgeon
Dr. Kamran Ali,TALAGANG,Pediatrician,No Address Available,Pediatrician
Dr. Faisal Haneef,TALAGANG,General Physician,No Address Available,General Physician
Dr. Shabir Ahmad,TALAGANG,General Physician,"City Hospital Talagang, Makkah Complex, Talagang",General Physician
Assoc. Prof. Dr. Zamir Iqbal,TALAGANG,Eye Surgeon,"Bilal Eye Hospital, Muhammadabad, Talagang",Eye Surgeon
Dr. Ahmed Mujtaba,TANDO-MUHAMMAD-KHAN,General Physician,"Al Madina Medical Centre, Tando Mohammad Khan District, Tando Muhammad Khan",General Physician
Prof. Dr. Aqsa Naheed,TAXILA,Dermatologist,"Nazeer Hospital, Near Maryam memorial hospital, Rawalpindi",Dermatologist
Dr. Mashood Zia,TAXILA,"Urologist, Sexologist","Islamabad International Hospital &amp; Research Center, Sector E, Islamabad","Urologist, Sexologist"
Prof. Dr. Brig Nazir Ahmed Malik R,TAXILA,Pediatrician,"Al Ihsan Hospital, Near Mureer Chowk? 142 Murree Rd, Saddar, Rawalpindi, Rawalpindi",Pediatrician
Dr. Ali Farhan Abid,TAXILA,Pediatrician,"Hit-Hospital, Goal Market, Taxila",Pediatrician
Dr. Shamaila Irfan,TAXILA,General Physician,No Address Available,General Physician
Dr. Sehrish Khan,TAXILA,General Physician,No Address Available,General Physician
Dr. Mashood Zia,TAXILA,"Urologist, Sexologist","Islamabad International Hospital &amp; Research Center, Sector E, Islamabad","Urologist, Sexologist"
Dr. Arsalan Saeed,THATTA,Pediatrician,"Ali Akbar Memorial Hospital, Gharo, Thatta",Pediatrician
Dr. Muneer Ahmed,THATTA,General Physician,"Al-Shifa Clinic, Marwari Lines Saddar, Karachi",General Physician
Dr. Erum,THATTA,General Physician,No Address Available,General Physician
Dr. Fiza Taj,THATTA,General Physician,No Address Available,General Physician
Asst. Prof. Dr. Muhammad Kabir,TIMERGARA,Gastroenterologist,"Al Sehat Medical Complex (Timergara), Opposite DHQ Hospital, Timergara",Gastroenterologist
Dr. Yaad Zaman,TIMERGARA,Orthopedic Surgeon,"Imran Hospital, N-45, Timergara, Lower Dir, Khyber Pakhtunkhwa, Timergara",Orthopedic Surgeon
Dr. Sardar Hussain,TIMERGARA,Orthopedic Surgeon,"Imran Hospital, N-45, Timergara, Lower Dir, Khyber Pakhtunkhwa, Timergara",Orthopedic Surgeon
Dr. Umer Hussain,TIMERGARA,Pediatrician,No Address Available,Pediatrician
Dr. Said Nawaz,TIMERGARA,General Physician,"Maa Foundation hosptal,, Timergara, Lower Dir, Khyber Pakhtunkhwa, Timergara",General Physician
Dr. Nida Dastgeer,TOBA-TEK-SINGH,Gynecologist,No Address Available,Gynecologist
Dr. Rubba Batool,TOBA-TEK-SINGH,Gynecologist,No Address Available,Gynecologist
Dr. Muhammad Irfan Rashed,TOBA-TEK-SINGH,Gastroenterologist,"Alkhidmat Medical center, Pur chock, Toba Tek Singh",Gastroenterologist
Dr. Ayesha Tariq,TOBA-TEK-SINGH,Pediatrician,"Rameen Medical Complex, Rajana Road, Toba Tek Singh",Pediatrician
Dr. Muhammad Amjad,TOBA-TEK-SINGH,Pediatrician,No Address Available,Pediatrician
Dr. Nafees Razzaq Choudhry,TOBA-TEK-SINGH,General Physician,No Address Available,General Physician
Dr. Qaisar Farooq,TOBA-TEK-SINGH,General Physician,No Address Available,General Physician
Dr. Sadia Nadeem,TOBA-TEK-SINGH,General Physician,"Doctor Sadia Nadeem Ultrasound Center, punjab, Toba Tek Singh",General Physician
Dr. Mian Awais,TOBA-TEK-SINGH,"Neuro Surgeon, Spinal Surgeon","Saad Medicare Clinic, Rajana Road, Toba Tek Singh","Neuro Surgeon, Spinal Surgeon"
Dr. Habib Rasheed,TURBAT,Dermatologist,"National Medical Center, Turbat KECH, Turbat",Dermatologist
Asst. Prof. Dr. Syeda Khalida Yousaf,TURBAT,Gynecologist,"AlShifa Clinic, Turbat KECH, Turbat",Gynecologist
Asst. Prof. Dr. Shahzaib Riaz,TURBAT,Orthopedic Surgeon,No Address Available,Orthopedic Surgeon
Asst. Prof. Dr. Adil Hassan Chang,UMARKOT,Gastroenterologist,"Royal luxuria Advance mri and diagnostic center, Sindh, Hyderabad",Gastroenterologist
Dr. Jaswant Dan Charan,UMARKOT,General Physician,"Al Abbas Maleer Medical Centre, Umerkot Road, Umarkot",General Physician
Dr. Sadaf Tahir,VEHARI,Neurologist,No Address Available,Neurologist
Dr. Asif Khan Chachak,VEHARI,Pediatrician,"Moosa medical complex, Vehari, Vehari",Pediatrician
Dr. Javaria Malik,VEHARI,Pediatrician,No Address Available,Pediatrician
Dr. Muhammad Ahmad Shafiq,VEHARI,General Physician,"Smile Dental &amp; Medical Complex, Mailsi, Vehari",General Physician
Dr. Ayesha Tahir,VEHARI,General Physician,No Address Available,General Physician
Dr. Muhammad Sabir,VEHARI,General Physician,No Address Available,General Physician
Dr. Abdul Majid,VEHARI,General Physician,No Address Available,General Physician
Dr. Muhammad Asad Ashfaq,VEHARI,General Physician,No Address Available,General Physician
Dr. Basim Ali,VEHARI,Cardiologist,No Address Available,Cardiologist
Dr. Muhammad Abubakar,VEHARI,General Physician,"Dhq Vehari Hospital, Hasilpur Rd, Vehari",General Physician
Dr. Usama Khalid,VEHARI,Ent Specialist,"Dr. Usama Khalid ENT Clinic, Near DHQ hospital, Vehari",Ent Specialist
Asst. Prof. Dr. Shahnawaz Khan,VEHARI,Neuro Surgeon,No Address Available,Neuro Surgeon
Dr. Ruqqaiya Azhar,WAH-CANTT,Gynecologist,"The care clinic, Sir Sayyed Road, Wah Cantt",Gynecologist
Dr. Farha Javaid,WAH-CANTT,Gynecologist,"Dr Farha Javaid Clinics DFJ CLINICS, Wah Cantt, Rawalpindi",Gynecologist
Dr. Sidra Shaukat,WAH-CANTT,Gynecologist,"Alain Hospital, Jinnah Colony, Wah Cantt",Gynecologist
Dr. Romina Kanwal,WAH-CANTT,Gynecologist,"Shamshad Aslam Hospital, Shah Wali Colony, Wah Cantt",Gynecologist
Dr. Summera Bi Bi,WAH-CANTT,Gynecologist,No Address Available,Gynecologist
Dr. Sobia Khan,WAH-CANTT,Gynecologist,No Address Available,Gynecologist
Dr. Breera Tariq,WAH-CANTT,Gynecologist,No Address Available,Gynecologist
Dr. Sara Ali,WAH-CANTT,Gynecologist,No Address Available,Gynecologist
Dr. Musab Umair Khalid,WAH-CANTT,Urologist,"Begum Haseena Memorial Hospital, Phase 2 New City, Wah Cantt, Rawalpindi,, Wah Cantt",Urologist
Dr. Muhammad Ali Sajid,WAH-CANTT,Urologist,"Pof Hospital, Quaid Avenue, Wah Cantt",Urologist
Dr. Aziz Ul Qadir Awan,WAH-CANTT,Pulmonologist / Lung Specialist,"Shamshad Aslam Hospital, Shah Wali Colony, Wah Cantt",Pulmonologist / Lung Specialist
Dr. Sher Dil Khan,WAH-CANTT,Orthopedic Surgeon,"City Hospital, Lala Rukh (Basti), Wah Cantt",Orthopedic Surgeon
Dr. Tahniyat Huq,WAH-CANTT,Pediatrician,No Address Available,Pediatrician
Dr. Sobia Jabeen,WAH-CANTT,Pediatrician,No Address Available,Pediatrician
Dr. Saima Tabasum,WAH-CANTT,Gynecologist,No Address Available,Gynecologist
Dr. Azka Nawaz,WAH-CANTT,General Physician,No Address Available,General Physician
Dr. Kainat Gohar,WAH-CANTT,"Homeopath, General Physician","City Hospital, The Mall Road, Wah Cantt","Homeopath, General Physician"
Dr. Muhammad Mazahir Alam,WAH-CANTT,General Physician,"Farooq Medical And Dental Clinic, Wah Cantt, Wah Cantt",General Physician
Dr. Mishal Saleem,WAH-CANTT,Medical Specialist,"Wah Medical College Hospital, Wah, Wah Cantt",Medical Specialist
Dr. Rushna Arif,WAH-CANTT,General Physician,No Address Available,General Physician
Dr. Sarwat Jabeen,WAH-CANTT,General Physician,No Address Available,General Physician
Dr. Muhammad Kashif,WAH-CANTT,General Physician,"Ayaz Memorial Hospital, Wah Cantt, Rawalpindi",General Physician
Dr. Saima Umair,WAH-CANTT,General Physician,No Address Available,General Physician
Dr. Rabail Khizer,WAH-CANTT,General Physician,No Address Available,General Physician
Dr. Kiran Pervaiz,WAH-CANTT,General Physician,"Home Visits (Wah Cantt), Wah Cantt, Wah Cantt",General Physician
Dr. Hafiz Abdullah Alam,WAH-CANTT,General Physician,"Home Visits (Wah Cantt) Hospital, Wah Cantt, Wah Cantt",General Physician
Dr. Ayesha Aziz,WAH-CANTT,Nephrologist,No Address Available,Nephrologist
Dr. Tayyaba Siddique,WAZIRABAD,Gynecologist,"Life Care Hospital Gujranwala, Allama Iqbal Town, Gujranwala",Gynecologist
Dr. Ali Akbar Sial,WAZIRABAD,Pediatrician,"Mother and child care complex, Sialkot Road, Wazirabad",Pediatrician
Dr. Ali Zain,WAZIRABAD,General Physician,"Batool family clinic, 0, Wazirabad",General Physician
Dr. Habib Ur Rehman Butt,WAZIRABAD,General Physician,No Address Available,General Physician
Dr. Fahad Zulfiqar,WAZIRABAD,General Physician,"Pak Blood Welfare Hospital, Gujranwala, Gujranwala",General Physician
Dr. Umer Mushtaq,LAHORE,Dermatologist,"Chughtai Medical Centre ,, DHA Phase 4, Lahore",Dermatologist
Dr. Sadaf Amin,LAHORE,Dermatologist,"Hussain Memorial Hospital, Sodiwal Samanabad, Lahore",Dermatologist
Dr. Rabia Ishfaq,LAHORE,Dermatologist,"Health City Hospital, Wapda Town Extension, Lahore",Dermatologist
Prof. Dr. Zahida Rani,LAHORE,Dermatologist,"Khan Skin &amp; Laser Center, Commissioner road, Sialkot",Dermatologist
Dr. Muhammad Amjad,LAHORE,Dermatologist,"Zarar Shaheed Trust Hospital, Barki, Lahore",Dermatologist
Asst. Prof. Dr. Aisha Ghias,LAHORE,Dermatologist,"The University of Lahore Teaching Hospital, Bhubtian Chowk Raiwind Road, Lahore",Dermatologist
Asst. Prof. Dr. Sana Younas,LAHORE,Dermatologist,"Surgimed Hospital, Gulberg 4, Lahore",Dermatologist
Dr. Fatima Saba,LAHORE,Dermatologist,No Address Available,Dermatologist
Dr. Hina Ehsan,LAHORE,Dermatologist,No Address Available,Dermatologist
Dr. Aisha Ahmad,LAHORE,Dermatologist,"Skinnovation, Johar Town, Lahore",Dermatologist
Dr. Qurat Ul Ain Sajida,LAHORE,Dermatologist,"Doctors Hospital, Johar Town, Lahore",Dermatologist
Dr. Munashra Anam,LAHORE,Dermatologist,No Address Available,Dermatologist
Asst. Prof. Dr. Waqas Arshad,LAHORE,Neurologist,"Chughtai Medical Center Jail Road, Gulberg 5, Lahore",Neurologist
Dr. Moazzam Javaid Cheema,LAHORE,Neurologist,"Central Hospital Gujranwala, GT Road, Gujranwala",Neurologist
Prof. Dr. Sajjad Naseer,LAHORE,Neurologist,"Neauro Diagnostic Centre, Thokar Niaz Baig, Lahore",Neurologist
Asst. Prof. Dr. Rashid Imran,LAHORE,Neurologist,"Hameed Latif Hospital, Garden Town, Lahore",Neurologist
Assoc. Prof. Dr. Buland Akhtar,LAHORE,Neurologist,"Omar Hospital &amp; Cardiac Centre, Jail Road, Lahore",Neurologist
Dr. Sajid Abbas,LAHORE,Neurologist,"Punjab institute of Neuro sciences, Near Lahore General Hospital, Lahore",Neurologist
Dr. Abubakar Siddique,LAHORE,Neurologist,"Bahria International Hospital, Bahria Town, Lahore",Neurologist
Dr. Ammar Yasir,LAHORE,Neurologist,"IDC Jinnah Hospital, Faisal Town, Lahore",Neurologist
Dr. Mamoona Tanwir Rana,LAHORE,Neurologist,"Akhtar Saeed Trust Hospital, DHA Defence, Lahore",Neurologist
Dr. Khawaja Muhammad Ali,LAHORE,Neurologist,"Bajwa Hospital, Shahdara, Lahore",Neurologist
Dr. Muhammad Ahmar,LAHORE,Neurologist,"Iqra Medical Complex Hospital, Johar Town, Lahore",Neurologist
Dr. Bilal Ahmed,LAHORE,Neurologist,"Punjab Institute Of Neurosciences (PINS), Ferozepur Road, Lahore",Neurologist
Dr. Asma Jabeen,LAHORE,Gynecologist,No Address Available,Gynecologist
Dr. Mariam Khalid,LAHORE,Gynecologist,"Saira Memorial Hospital, Model Town, Lahore",Gynecologist
Assoc. Prof. Dr. Misbah Malik,LAHORE,Gynecologist,"Iqraa Medical Complex Ext Hospital, Johar Town, Lahore",Gynecologist
Assoc. Prof. Dr. Khadija Asim Khan,LAHORE,Gynecologist,"Khair-Un-Nisa Hospital, Faisal Town, Lahore",Gynecologist
Asst. Prof. Dr. Rubina Farrukh,LAHORE,Gynecologist,"Iqra Medical Complex Hospital, Johar Town, Lahore",Gynecologist
Assoc. Prof. Dr. Saima Zaki,LAHORE,Gynecologist,"Iqra Medical Complex Hospital, Johar Town, Lahore",Gynecologist
Prof. Dr. Shaheena Asif,LAHORE,Gynecologist,"Surgimed Hospital, Gulberg 4, Lahore",Gynecologist
Dr. Sadia,LAHORE,Gynecologist,No Address Available,Gynecologist
Dr. Somia Sabeeh Awan,LAHORE,Gynecologist,"Jamila Fareedy Medical Centre, Johar Town, Lahore",Gynecologist
Prof. Dr. Nazli Hameed,LAHORE,Gynecologist,"Shalamar Hospital, MughalPura, Lahore",Gynecologist
Dr. Romana Amir,LAHORE,Gynecologist,"The University of Lahore Teaching Hospital, Bhubtian Chowk Raiwind Road, Lahore",Gynecologist
Dr. Naheed Akhtar Rana,LAHORE,"Gynecologist, Laparoscopic Surgeon","Hameed Latif Hospital, Garden Town, Lahore","Gynecologist, Laparoscopic Surgeon"
Assoc. Prof. Dr. Muhammad Farooq,LAHORE,"Urologist, Sexologist, Andrologist","Punjab Medical Center, Jail Road, Lahore","Urologist, Sexologist, Andrologist"
Dr. Faizan Haider Rizvi,LAHORE,Urologist,"Children Family and Urology Clinic, Raiwind Road, Lahore",Urologist
Prof. Dr. Khizer Hayat Gondal,LAHORE,"Urologist, Sexologist, Andrologist","Doctors Hospital, Johar Town, Lahore","Urologist, Sexologist, Andrologist"
Prof. Dr. Fawad Nasrullah,LAHORE,"Urologist, Sexologist, Urologist, Endourologist, Andrologist","Chughtai Medical Center Johar Town, Johar Town, Lahore","Urologist, Sexologist, Urologist, Endourologist, Andrologist"
Dr. Saleem Malik,LAHORE,"Urologist, Sexologist, Andrologist","Alim khatoon Medicare, Green Town, Lahore","Urologist, Sexologist, Andrologist"
Dr. Hafiz Abdul Momin,LAHORE,"Urologist, Sexologist, Andrologist","Bajwa Hospital &amp; Cardiac Center, Allama Iqbal Town, Lahore","Urologist, Sexologist, Andrologist"
Prof. Dr. Muhammad Irfan Nazir,LAHORE,"Urologist, Sexologist, Andrologist","Doctors Hospital, Johar Town, Lahore","Urologist, Sexologist, Andrologist"
Dr. Shaheen Khan Bahadar Awan,LAHORE,Urologist,"Ahmed Health Care Clinic, Faisal Town, Lahore",Urologist
Dr. Muhammad Saddiq Haris,LAHORE,Urologist,"Doctors Clinic, Mazhar Farid Colony, Sadiqabad",Urologist
Dr. Faisal Ahmed Zaeem,LAHORE,"Endourologist, Urologist","ACE Medical Centre, GT Road, Gujrat","Endourologist, Urologist"
Asst. Prof. Dr. Shahid Qureshi,LAHORE,"Urologist, Sexologist, Andrologist","Integrated Medical Care, DHA phase 5, Lahore","Urologist, Sexologist, Andrologist"
Dr. Muhammad Sohail,LAHORE,"Urologist, Sexologist, Endourologist, Andrologist","Health Bridge Hospital, Cantt, Lahore","Urologist, Sexologist, Endourologist, Andrologist"
Dr. Usman Javaid,LAHORE,"Gastroenterologist, Hepatologist","Anjum Diagnostic Center, Wapda Town Extension, Lahore","Gastroenterologist, Hepatologist"
Asst. Prof. Dr. Salman Javed,LAHORE,Gastroenterologist,"Health Avenue, Garden Town, Lahore",Gastroenterologist
Asst. Prof. Dr. Mujahid Israr,LAHORE,"Gastroenterologist, Liver Specialist, General Physician, Internal Medicine Specialist","Ikram Hospital, Marghzar Colony, Gujrat","Gastroenterologist, Liver Specialist, General Physician, Internal Medicine Specialist"
Asst. Prof. Dr. Fahmina Ashfaq,LAHORE,"Internal Medicine Specialist, General Physician, Gastroenterologist, Diabetologist, Family Medicine","Naseer Hospital, Garden Town, Lahore","Internal Medicine Specialist, General Physician, Gastroenterologist, Diabetologist, Family Medicine"
Prof. Dr. Talat Naheed,LAHORE,"General Physician, Internal Medicine Specialist, Gastroenterologist, Diabetologist","Khan Clinic, Allama Iqbal Town, Lahore","General Physician, Internal Medicine Specialist, Gastroenterologist, Diabetologist"
Assoc. Prof. Dr. Asif Mehmood,LAHORE,Gastroenterologist,No Address Available,Gastroenterologist
Prof. Dr. Fatima Mehboob,LAHORE,"Gastroenterologist, Endocrinologist, Gastroenterologist","Ali labs and Examination Center., Thokar Niaz Baig, Lahore","Gastroenterologist, Endocrinologist, Gastroenterologist"
Asst. Prof. Dr. Muhammad Bilal Nasir,LAHORE,Gastroenterologist,"Integrated Medical Care, DHA phase 5, Lahore",Gastroenterologist
Asst. Prof. Dr. Junaid Mushtaq,LAHORE,Gastroenterologist,"Sharif Medical Complex, Masjidpura, Sialkot",Gastroenterologist
Dr. Asma Arshad Khan,LAHORE,Gastroenterologist,"Omar Hospital &amp; Cardiac Centre, Jail Road, Lahore",Gastroenterologist
Prof. Dr. Muhammad Asif Gul,LAHORE,Gastroenterologist,"Farooq Hospital (DHA), DHA, Lahore",Gastroenterologist
Dr. Raja Ikram Ul Haq,LAHORE,Gastroenterologist,"Liver And Gastro Care Clinic, Shadman 1, Lahore",Gastroenterologist
Prof. Dr. Khawar Abbas,LAHORE,"Pulmonologist / Lung Specialist, Lung Surgeon","Evercare Hospital, Nespak Housing Scheme, Lahore","Pulmonologist / Lung Specialist, Lung Surgeon"
Dr. Muhammad Taimour,LAHORE,"Pulmonologist / Lung Specialist, General Physician, Diabetologist","AMT Medical and Dental Centre, DHA Phase 4, Lahore","Pulmonologist / Lung Specialist, General Physician, Diabetologist"
Dr. Ashraf Jamal,LAHORE,Pulmonologist / Lung Specialist,"Chest care clinic, Lahore, Lahore",Pulmonologist / Lung Specialist
Prof. Dr. Shamshad Rasul Awan,LAHORE,"Pulmonologist / Lung Specialist, Lung Surgeon","Lahore Chest Clinic, Allama Iqbal Town, Lahore","Pulmonologist / Lung Specialist, Lung Surgeon"
Dr. Muhammad Hussain,LAHORE,Pulmonologist / Lung Specialist,"Masood Hospital, Garden Town, Lahore",Pulmonologist / Lung Specialist
Dr. Asif Hanif,LAHORE,Pulmonologist / Lung Specialist,"Omar Hospital &amp; Cardiac Centre, Jail Road, Lahore",Pulmonologist / Lung Specialist
Dr. Zahid Abdul Hamid,LAHORE,Pulmonologist / Lung Specialist,"Saadan Hospital, Johar Town, Lahore",Pulmonologist / Lung Specialist
Dr. Amdad Ali Faruqi,LAHORE,"Pulmonologist / Lung Specialist, Internal Medicine Specialist","Mid City Hospital, Jail Road, Lahore","Pulmonologist / Lung Specialist, Internal Medicine Specialist"
Dr. Affaf Javaid,LAHORE,Pulmonologist / Lung Specialist,"Fatima Memorial Hospital (Fmh), Shadman 1, Lahore",Pulmonologist / Lung Specialist
Dr. Maria Arora,LAHORE,Pulmonologist / Lung Specialist,"Noor Medicare Hospital, Ideal Housing Scheme, Lahore",Pulmonologist / Lung Specialist
Dr. Syed Khurshid Uz Zaman,LAHORE,Pulmonologist / Lung Specialist,"Zaman Chest Clinic, Muslim Town, Lahore",Pulmonologist / Lung Specialist
Dr. Zahra Asif Sukhera,LAHORE,Pulmonologist / Lung Specialist,No Address Available,Pulmonologist / Lung Specialist
Asst. Prof. Dr. Abdul Hannan,LAHORE,Orthopedic Surgeon,"Hassan Orthopedic And Poly Clinic, Sabzazar, Lahore",Orthopedic Surgeon
Prof. Dr. Ibrahim Farooq Pasha,LAHORE,"Spinal Surgeon, Orthopedic Surgeon, Spine Specialist","National Hospital, DHA Defence, Lahore","Spinal Surgeon, Orthopedic Surgeon, Spine Specialist"
Dr. Tariq Sohail,LAHORE,Orthopedic Surgeon,"Doctors Hospital, Johar Town, Lahore",Orthopedic Surgeon
Dr. Iqbal Haider,LAHORE,Orthopedic Surgeon,"Bajwa Hospital &amp; Cardiac Center, Allama Iqbal Town, Lahore",Orthopedic Surgeon
Assoc. Prof. Dr. Mumraiz Naqshband,LAHORE,Orthopedic Surgeon,"Bashir Neurospinal Institute (BNI), Shadman 1, Lahore",Orthopedic Surgeon
Dr. Usman Ahmed,LAHORE,"Orthopedic Surgeon, Pediatric Orthopedic Surgeon","Ihsan Mumtaz Hospital, Johar Town, Lahore","Orthopedic Surgeon, Pediatric Orthopedic Surgeon"
Dr. Muhammad Adeel Javed,LAHORE,Orthopedic Surgeon,"Al Noor Hospital, Douglas pura, Faisalabad",Orthopedic Surgeon
Dr. Muhammad Abdul Basit,LAHORE,Orthopedic Surgeon,No Address Available,Orthopedic Surgeon
Dr. Samiullah Bajwa,LAHORE,Orthopedic Surgeon,"Evercare Hospital, Nespak Housing Scheme, Lahore",Orthopedic Surgeon
Assoc. Prof. Dr. Muhammad Bilal,LAHORE,Orthopedic Surgeon,"Doctors Hospital, Johar Town, Lahore",Orthopedic Surgeon
Asst. Prof. Dr. Fahad Nazir,LAHORE,Orthopedic Surgeon,"Iffat Anwar Medical Complex Hospital, Township, Lahore",Orthopedic Surgeon
Prof. Dr. Ghazanfar Ali Shah,LAHORE,Orthopedic Surgeon,"Doctors Hospital, Johar Town, Lahore",Orthopedic Surgeon
Dr. Nosheen Niazi,LAHORE,Pediatrician,No Address Available,Pediatrician
Assoc. Prof. Dr. Hassan Suleman Malik,LAHORE,"Pediatric Gastroenterologist, Pediatrician","Childrens Clinic 1, Garden Town, Lahore","Pediatric Gastroenterologist, Pediatrician"
Asst. Prof. Dr. Binish Ali,LAHORE,Pediatrician,"Iqra Medical Complex Hospital, Johar Town, Lahore",Pediatrician
Asst. Prof. Dr. Hammad Arif,LAHORE,Pediatrician,"Lahore Care Hospital, Ferozepur Road, Lahore",Pediatrician
Dr. Mazhar Abbas Butt,LAHORE,Pediatrician,"Dha Medical Centre, DHA Defence, Lahore",Pediatrician
Asst. Prof. Dr. Naveed Haider,LAHORE,"Pediatric Surgeon, Pediatrician","Omar Hospital &amp; Cardiac Centre (Johar Town), Johar Town, Lahore","Pediatric Surgeon, Pediatrician"
Assoc. Prof. Dr. Alia Ahmad,LAHORE,Pediatrician,"Hameedah Memorial Hospital, Valencia Housing Society, Lahore",Pediatrician
Prof. Dr. Shabir Ahmad,LAHORE,Pediatrician,"CMA Healthcare Complex, Lake City, Lahore",Pediatrician
Prof. Dr. Muhammad Khalid Masood,LAHORE,Pediatrician,"Iqraa Medical Complex Ext Hospital, Johar Town, Lahore",Pediatrician
Dr. Fatima Rahman,LAHORE,Pediatrician,"APDC Anjum Polyclinic and Diagnostic Center, Wapda town phase 1, Lahore",Pediatrician
Prof. Dr. Muhammad Rafique,LAHORE,Pediatrician,"Evercare Hospital, Nespak Housing Scheme, Lahore",Pediatrician
Dr. Tariq Rafiq Khan,LAHORE,Pediatrician,"Dr Tariq Rafiq Hospital, Faisal Town, Lahore",Pediatrician
Asst. Prof. Dr. Mujahid Israr,LAHORE,"Gastroenterologist, Liver Specialist, General Physician, Internal Medicine Specialist","Ikram Hospital, Marghzar Colony, Gujrat","Gastroenterologist, Liver Specialist, General Physician, Internal Medicine Specialist"
Dr. Muhammad Nouman Anjum,LAHORE,"General Practitioner, Internal Medicine Specialist, Diabetologist, Family Medicine","Home Visits Lahore, Lahore, Lahore","General Practitioner, Internal Medicine Specialist, Diabetologist, Family Medicine"
Dr. Waqas Gondal,LAHORE,General Physician,"Home Visits Lahore, Lahore, Lahore",General Physician
Dr. Muhammad Taimour,LAHORE,"Pulmonologist / Lung Specialist, General Physician, Diabetologist","AMT Medical and Dental Centre, DHA Phase 4, Lahore","Pulmonologist / Lung Specialist, General Physician, Diabetologist"
Asst. Prof. Dr. Fahmina Ashfaq,LAHORE,"Internal Medicine Specialist, General Physician, Gastroenterologist, Diabetologist, Family Medicine","Naseer Hospital, Garden Town, Lahore","Internal Medicine Specialist, General Physician, Gastroenterologist, Diabetologist, Family Medicine"
Dr. Asim Allah Bakhsh,LAHORE,"Family Medicine, General Physician, Internal Medicine Specialist","KS Medical Centre, Johar Town, Lahore","Family Medicine, General Physician, Internal Medicine Specialist"
Dr. Abid Ali Bhatti,LAHORE,General Physician,"Dr Rai Abid Ali Bhatti, Manga Mandi, Lahore",General Physician
Prof. Dr. Talat Naheed,LAHORE,"General Physician, Internal Medicine Specialist, Gastroenterologist, Diabetologist","Hameed Latif Hospital, Garden Town, Lahore","General Physician, Internal Medicine Specialist, Gastroenterologist, Diabetologist"
Dr. Ahmad Nadeem,LAHORE,"Sexologist, General Physician","Al Aziz Clinic, DHA Phase 1, Lahore","Sexologist, General Physician"
Dr. Maryam Sultan,LAHORE,General Physician,"Central Park Teaching Hospital, Kahna, Lahore",General Physician
Prof. Dr. Javed Akram,LAHORE,"General Physician, Internal Medicine Specialist","Akram Medical Complex Hospital, Gulberg, Lahore","General Physician, Internal Medicine Specialist"
Assoc. Prof. Dr. Somia Iqtadar,LAHORE,"Internal Medicine Specialist, General Physician","Cardiomed Clinic, Allama Iqbal Town, Lahore","Internal Medicine Specialist, General Physician"
Assoc. Prof. Dr. Adil Manzoor,LAHORE,Nephrologist,"Pakistan Kidney and Liver Institute (PKLI), DHA Phase 6, Lahore",Nephrologist
Prof. Dr. Salman Tahir Shafi,LAHORE,Nephrologist,"Farooq Hospital (Westwood Branch), Thokar Niaz Baig, Lahore",Nephrologist
Dr. Muhammad Ahad Qayyum,LAHORE,Nephrologist,"Ammar Medical Complex Hospital, Jail Road, Lahore",Nephrologist
Assoc. Prof. Dr. Fowad Shahzad,LAHORE,"Nephrologist, Nephrologist, Diabetologist","Doctors Hospital Medical Center, johar town, Lahore","Nephrologist, Nephrologist, Diabetologist"
Assoc. Prof. Dr. Zahid Rafique,LAHORE,Nephrologist,"National Hospital &amp; Medical Centre, DHA Defence, Lahore",Nephrologist
Dr. Nauman Butt,LAHORE,Nephrologist,"Hussain Memorial Hospital, Sodiwal Samanabad, Lahore",Nephrologist
Prof. Dr. Ibad Ur Rehman,LAHORE,Nephrologist,"Mid City Hospital, Jail Road, Lahore",Nephrologist
Dr. Hafiz Bilal Rasool Ramay,LAHORE,"Nephrologist, Diabetologist, Medical Specialist","Ramay Clinic, Bedian Road, Lahore","Nephrologist, Diabetologist, Medical Specialist"
Dr. Hameed Tajamal Khan,LAHORE,Nephrologist,"Doctors Hospital, Johar Town, Lahore",Nephrologist
Dr. Muhammad Aamir,LAHORE,Nephrologist,"Hameed Latif Hospital, Garden Town, Lahore",Nephrologist
Dr. Maria Yaseen,LAHORE,Nephrologist,"Rai Ali Nawaz Foundation Hospital, Chichawatni, Chichawatni",Nephrologist
Dr. Iftikhar Ahmad,LAHORE,Nephrologist,"Drifty Nephrology and Medical Care Centre, Faisal Town, Lahore",Nephrologist
Assoc. Prof. Dr. Muhammad Farooq,LAHORE,"Urologist, Sexologist, Andrologist","Farooq Urology Clinic, Samanabad, Lahore","Urologist, Sexologist, Andrologist"
Dr. Muhammad Haris Burki,LAHORE,Sexologist,"Carewell consultant Chamber, Bahria Town, Lahore",Sexologist
Dr. Mehmood Khan,LAHORE,Sexologist,"Doctors plaza, New Town, Mirpur Khas",Sexologist
Dr. Rohina Gul,LAHORE,Sexologist,"Hameed Latif Hospital, Garden Town, Lahore",Sexologist
Dr. Samra Amin,LAHORE,"Andrologist, Sexologist","Samra Amin Medical Center, DHA Phase 8, Lahore","Andrologist, Sexologist"
Prof. Dr. Khizer Hayat Gondal,LAHORE,"Urologist, Sexologist, Andrologist","Doctors Hospital, Johar Town, Lahore","Urologist, Sexologist, Andrologist"
Prof. Dr. Fawad Nasrullah,LAHORE,"Urologist, Sexologist, Urologist, Endourologist, Andrologist","Chughtai Medical Center Johar Town, Johar Town, Lahore","Urologist, Sexologist, Urologist, Endourologist, Andrologist"
Dr. Saleem Malik,LAHORE,"Urologist, Sexologist, Andrologist","Alim khatoon Medicare, Green Town, Lahore","Urologist, Sexologist, Andrologist"
Dr. Hafiz Abdul Momin,LAHORE,"Urologist, Sexologist, Andrologist","Bajwa Hospital &amp; Cardiac Center, Allama Iqbal Town, Lahore","Urologist, Sexologist, Andrologist"
Dr. Ahmad Nadeem,LAHORE,"Sexologist, General Physician","Al Aziz Clinic, DHA Phase 1, Lahore","Sexologist, General Physician"
Prof. Dr. Muhammad Irfan Nazir,LAHORE,"Urologist, Sexologist, Andrologist","Doctors Hospital, Johar Town, Lahore","Urologist, Sexologist, Andrologist"
Dr.Muhammad Danial Sohail,LAHORE,"Psychologist, Sexologist, Counselor, Child Psychologist","counselordanial.com, Shadman 2, Lahore","Psychologist, Sexologist, Counselor, Child Psychologist"
Assoc. Prof. Dr. Bakht Aziz,LAHORE,"Ent Surgeon, Ent Specialist","National Hospital &amp; Medical Centre, DHA Defence, Lahore","Ent Surgeon, Ent Specialist"
Dr. Faiza Bajwa,LAHORE,Ent Specialist,No Address Available,Ent Specialist
Prof. Dr. Muhammad Riaz Chaudhry,LAHORE,"Ent Surgeon, Ent Specialist","Latif Hospital, Johar Town, Lahore","Ent Surgeon, Ent Specialist"
Asst. Prof. Dr. Tarique Ali Sheikh,LAHORE,"Ent Specialist, Ent Surgeon","Sharif Medical Complex Hospital, Kasur City, Kasur","Ent Specialist, Ent Surgeon"
Prof. Dr. Ayub Ahmad Khan,LAHORE,"Ent Specialist, Ent Surgeon, Ent Specialist","Surgimed Hospital, Gulberg 4, Lahore","Ent Specialist, Ent Surgeon, Ent Specialist"
Dr. Khurshid Alam,LAHORE,"Ent Surgeon, Ent Specialist","Doctors Hospital, Johar Town, Lahore","Ent Surgeon, Ent Specialist"
Prof. Dr. Shiraz Aslam,LAHORE,"Ent Surgeon, Ent Specialist","Gulberg ENT Clinic, Gulberg 3, Lahore","Ent Surgeon, Ent Specialist"
Asst. Prof. Dr. Syed Muzahir Hussain,LAHORE,Ent Specialist,"Niazi Hospital, Johar Town, Lahore",Ent Specialist
Assoc. Prof. Dr. Najaf Abbas,LAHORE,Ent Specialist,"Fatima Memorial Hospital Executive Clinic, Shadman 1, Lahore",Ent Specialist
Asst. Prof. Dr. Samar Zehra,LAHORE,Ent Specialist,"Bashir Medical center, Walton Road, Lahore",Ent Specialist
Dr. Syed Qasim Jafri,LAHORE,Ent Specialist,"Noor Hospital, Ferozepur Road, Lahore",Ent Specialist
Dr. Sehrish Fayyaz,LAHORE,Ent Specialist,"Halcyon Medical Centre, Gulberg 2, Lahore",Ent Specialist
Prof. Dr. Huma Kayani,LAHORE,"Eye Surgeon, Eye Specialist","Dr. Huma Kayani,s Clinic, Gulberg 2, Lahore","Eye Surgeon, Eye Specialist"
Dr. Amna Rizwan,LAHORE,"Eye Specialist, Eye Surgeon","Wahdat clinic, Wahdat Road, Lahore","Eye Specialist, Eye Surgeon"
Asst. Prof. Dr. Nabeel Iqbal,LAHORE,"Eye Surgeon, Eye Specialist","VisionX Laser and eye clinic, Khayaban e Jinnah, Lahore","Eye Surgeon, Eye Specialist"
Assoc. Prof. Dr. Syed Abdullah Mazhar,LAHORE,"Eye Surgeon, Eye Specialist","Syed Eye and Children Clinic, Sabzazar Housing Scheme Phase 1 &amp; 2, Lahore","Eye Surgeon, Eye Specialist"
Dr. Muhammad Sohail Shehzad,LAHORE,Eye Surgeon,"Eye &amp; Retina Hospital, Faisal Town, Lahore",Eye Surgeon
Dr. Muhammad Imran,LAHORE,Eye Surgeon,"Liver Clinic (Muslim Town), Muslim Town, Lahore",Eye Surgeon
Dr. Faisal Iqbal,LAHORE,"Eye Surgeon, Eye Specialist","Ittefaq hospital, Model Town, Lahore","Eye Surgeon, Eye Specialist"
Prof. Dr. Muhammad Suhail Sarwar,LAHORE,"Eye Surgeon, Eye Specialist","Suhail Eye Hospital, DHA, Lahore","Eye Surgeon, Eye Specialist"
Dr. Rashid Nawaz,LAHORE,Eye Surgeon,"Novimed Specialist Clinic, DHA Defence, Lahore",Eye Surgeon
Dr. Brig R Abdul Rafe,LAHORE,"Eye Surgeon, Eye Specialist, Internal Medicine Specialist","Health Care Hospital, Bedian Road, Lahore","Eye Surgeon, Eye Specialist, Internal Medicine Specialist"
Dr. Brig R Muhammad Manzoor Awan,LAHORE,Eye Surgeon,"Surgimed Hospital, Gulberg 4, Lahore",Eye Surgeon
Dr. Brig R Junaid Afsar Khan,LAHORE,Eye Surgeon,"Surgimed Hospital, Gulberg 4, Lahore",Eye Surgeon
Dr. Mohammad Abid,LAHORE,Neuro Surgeon,"Central Park Teaching Hospital, Kahna, Lahore",Neuro Surgeon
Asst. Prof. Dr. Nazir Ahmed,LAHORE,Neuro Surgeon,"Farooq Hospital (Westwood Branch), Thokar Niaz Baig, Lahore",Neuro Surgeon
Dr. Khawar Anwar,LAHORE,Neuro Surgeon,"Siddique Family Hospital, Rahwali Cantt, Gujranwala",Neuro Surgeon
Prof. Dr. Syed Shahzad Hussain Shah,LAHORE,Neuro Surgeon,"Doctors Hospital, Johar Town, Lahore",Neuro Surgeon
Prof. Dr. Nasir Raza Awan,LAHORE,Neuro Surgeon,"SpinaCure, Gulberg 3, Lahore",Neuro Surgeon
Dr. Ghulam Dastgir,LAHORE,Neuro Surgeon,"Farooq Hospital DHA Lahore, DHA, Lahore",Neuro Surgeon
Dr. Mubashir Malik,LAHORE,Neuro Surgeon,"Masood Hospital, Garden Town, Lahore",Neuro Surgeon
Asst. Prof. Dr. Usman Ahmad Kamboh,LAHORE,Neuro Surgeon,"Iqra Medical Complex Hospital, Johar Town, Lahore",Neuro Surgeon
Dr. Hassan Ali Khosa,LAHORE,Neuro Surgeon,"Saira Memorial Hospital, Model Town, Lahore",Neuro Surgeon
Dr. Talha Abbas Awan,LAHORE,Neuro Surgeon,"Surraya Azeem Hospital, Chauburji, Lahore",Neuro Surgeon
Dr. Syed Ahmed Ali Hassan,LAHORE,Neuro Surgeon,"Evercare Hospital, Nespak Housing Scheme, Lahore",Neuro Surgeon
Dr. Waqas Mehdi,LAHORE,Neuro Surgeon,"Mid City Hospital, Jail Road, Lahore",Neuro Surgeon
Dr. Ghulam Mujtaba,MULTAN,Dermatologist,"Khan Medical City Hospital, Al Rahim Colony, Multan",Dermatologist
Dr. Col R Muhammad Farooq,MULTAN,Dermatologist,"skin and Hair clinic, Nagana Chowk, Multan",Dermatologist
Asst. Prof. Dr. Kalsoom Jawaid,MULTAN,Dermatologist,"South Punjab Hospital, Suraj Miani Road, Multan",Dermatologist
Dr. Qaisar Ansari,MULTAN,Dermatologist,"Hussain Hospital, Al Rahim Colony, Multan",Dermatologist
Dr. Aamina Iqbal,MULTAN,Dermatologist,"Skinuvia The Skin Clinic, Suraj Miani Road, Multan",Dermatologist
Dr. Ayesha Aezaz,MULTAN,Dermatologist,"A&amp;M AESTHETICS AND LASER CLINIC, Jail Rd, Multan",Dermatologist
Dr. Abdullah Naveed,MULTAN,Dermatologist,"Haleema Hospital, Al Rahim Colony, Multan",Dermatologist
Dr. Muhammad Farooq Khan,MULTAN,Dermatologist,"Dr Muhammad Farooq Khan Skin Specialist, Nishtar Road, Multan",Dermatologist
Dr. Sadaf Faisal,MULTAN,Dermatologist,"Derma Clinic, Khanewal road, Multan",Dermatologist
Dr. Amna Abid,MULTAN,Dermatologist,"Multan Clinics, Bosan Rd, Sabzazar Colony, Multan",Dermatologist
Dr. Sehrish Aftab,MULTAN,Dermatologist,No Address Available,Dermatologist
Dr. Leena Hafeez,MULTAN,Dermatologist,"Hope Nic 1 Child Care complex, Jamilabad Colony, Multan",Dermatologist
Prof. Dr. Muhammad Fahad Saleem,MULTAN,Neurologist,"Minds Clinic, Phase 1, Multan",Neurologist
Dr. Naveed Javed,MULTAN,"Psychiatrist, Neurologist","National Diagnostic Center., Suraj Miani Road, Multan","Psychiatrist, Neurologist"
Dr. Zeeshan Farooq,MULTAN,Neurologist,"Shabana Farooq Medical Center, Multan, Multan",Neurologist
Dr. Meer Wasiq Buzdar,MULTAN,Neurologist,"Meer Wasiq Buzdar Clinic, Al Rahim Colony, Multan",Neurologist
Dr. Muhammad Hamza Khan,MULTAN,General Practitioner,"Medicare Hospital, Altaf Town, Multan",General Practitioner
Dr. Jibran Akram,MULTAN,Neurologist,"Haleema Hospital Complex, Al Rahim Colony, Multan",Neurologist
Dr. Ijaz Ahmad Jaffar,MULTAN,Neurologist,No Address Available,Neurologist
Dr. Hafiz Zeshan Karim,MULTAN,Neurologist,"Multan Hospital, shujabad road, Multan",Neurologist
Dr. Rana Umair Zafar,MULTAN,Neurologist,"Fatima Medical Centre, Rasheed Abad, Multan",Neurologist
Dr. Noreen Akhtar Rana,MULTAN,Gynecologist,"Al Shifa Surgical Hospital DG Khan, jampur Road, Dera Ghazi Khan",Gynecologist
Asst. Prof. Dr. Humaira Imran,MULTAN,Gynecologist,"Bakhtawar Amin Hospital, Northern Bypass Road, Multan",Gynecologist
Dr. Shagufta Faraz,MULTAN,Gynecologist,"Fatima Memorial Clinic, Shah Rukn-e-Alam Colony, Multan",Gynecologist
Dr. Rabia Bhatti,MULTAN,Gynecologist,"Gulgasht Hospital, North Gulgasht Colony, Multan",Gynecologist
Asst. Prof. Dr. Amna Aziz,MULTAN,Gynecologist,"Qaisrani Medical Center, Jinnah Town, Multan",Gynecologist
Dr. Mahvish Javed,MULTAN,Gynecologist,"Multan Hospital, shujabad road, Multan",Gynecologist
Dr. Abroo Shahnaz,MULTAN,Gynecologist,"Mukhtar A Sheikh Hospital, Shah Rukn E Alam Town, Multan",Gynecologist
Dr. Nadia Kanval,MULTAN,Gynecologist,"Haleema Hospital, Al Rahim Colony, Multan",Gynecologist
Dr. Major Saleha Batool Virk,MULTAN,Gynecologist,"Chugtai Medical Center, Nishtar Road, Multan",Gynecologist
Dr. Saman Naureen,MULTAN,Gynecologist,"Dr Saman Naureen, Lalazar Colony, Multan",Gynecologist
Dr. Maria Rasheed,MULTAN,Gynecologist,No Address Available,Gynecologist
Asst. Prof. Dr. Tehreem Rasheed,MULTAN,Gynecologist,No Address Available,Gynecologist
Asst. Prof. Dr. Muhammad Waqas Khan,MULTAN,"Urologist, General Surgeon, Sexologist, Andrologist","Ashraf Naseer Hospital, shah rukne alam colony, Multan","Urologist, General Surgeon, Sexologist, Andrologist"
Dr. Faizan Haider Rizvi,MULTAN,Urologist,"Children Family and Urology Clinic, Raiwind Road, Lahore",Urologist
Dr. Abdul Ghaffar,MULTAN,"Urologist, Sexologist, Andrologist","Punjab Hospital, New Multan Colony, Multan","Urologist, Sexologist, Andrologist"
Dr. Muhammad Waqas,MULTAN,Urologist,"South Punjab Hospital, Suraj Miani Road, Multan",Urologist
Dr. Ahmad Bilal,MULTAN,"Urologist, Sexologist, Andrologist","Gulgasht Hospital, North Gulgasht Colony, Multan","Urologist, Sexologist, Andrologist"
Dr. Fawad Arif,MULTAN,Urologist,"Mukhtar A Sheikh Hospital, Shah Rukn E Alam Town, Multan",Urologist
Dr. Naveed Anwar,MULTAN,"Urologist, Sexologist, Andrologist","Omer Hospital, Nishtar Road, Multan","Urologist, Sexologist, Andrologist"
Dr. Mian Muhammad Asif Nawaz,MULTAN,"Urologist, General Physician, Sexologist, Andrologist",No Address Available,"Urologist, General Physician, Sexologist, Andrologist"
Dr. Mudasir Ahmad Jamali,MULTAN,Urologist,No Address Available,Urologist
Prof. Dr. Asif Imran,MULTAN,Urologist,"Fatima Specialist Chamber, Nishtar Road, Multan",Urologist
Prof. Dr. Raiz Ahmad,MULTAN,Urologist,"City Hospital, Chah Usman Wala, Multan",Urologist
Dr. Ali Imran Zaidi,MULTAN,Urologist,"Medicare Hospital, Altaf Town, Multan",Urologist
Asst. Prof. Dr. Muhammad Farooq Shabir,MULTAN,"Gastroenterologist, Internal Medicine Specialist, Endocrinologist","Kot Addu Medical &amp; Andoscopy Centre, Kot Addu, Multan","Gastroenterologist, Internal Medicine Specialist, Endocrinologist"
Dr. Faisal Aziz,MULTAN,"Gastroenterologist, Hepatologist","Advance Gastro-Liver -Endoscopy clinic, Nishar Road, Multan","Gastroenterologist, Hepatologist"
Asst. Prof. Dr. Umair Khan Sherwani,MULTAN,"Gastroenterologist, Hepatologist","Sherwani Gastro Care - Orient Mall Multan., Khanewal Road, Multan","Gastroenterologist, Hepatologist"
Dr. Sohail Ahmed Khan,MULTAN,Gastroenterologist,"Ahmed Gastro nd Liver Clinic, Nishar Road, Multan",Gastroenterologist
Dr. Muhammad Ashfaq,MULTAN,Gastroenterologist,"M.A.S.H. Medical Centre, Gillani Colony, Multan",Gastroenterologist
Dr. Zulqarnain Haider Khan,MULTAN,Gastroenterologist,"Zeenat Medical Complex (Multan), Nishter Road, Multan",Gastroenterologist
Dr. Sultan Ahmad Khar,MULTAN,"Gastroenterologist, Hepatologist","Chenab General Hospital, Jamilabad Colony, Multan","Gastroenterologist, Hepatologist"
Dr. Mirza Waqas Baig,MULTAN,Gastroenterologist,"Care Plus Hospital, Tariq Road, Multan",Gastroenterologist
Dr. Sana Azmat,MULTAN,Gastroenterologist,No Address Available,Gastroenterologist
Dr. Shehryar Kanju,MULTAN,Gastroenterologist,"City Hospital, Chah Usman Wala, Multan",Gastroenterologist
Dr. Zubair Malghani,MULTAN,Gastroenterologist,"National Hospital, Wapda Colony, Multan",Gastroenterologist
Asst. Prof. Dr. Waseem Sarwar Malghani,MULTAN,Gastroenterologist,"Medicare Hospital, Altaf Town, Multan",Gastroenterologist
Asst. Prof. Dr. Muhammad Atiq Ul Mannan,MULTAN,Pulmonologist / Lung Specialist,"Multan Medical Complex, Suraj Miani Road, Multan",Pulmonologist / Lung Specialist
Dr. M Imran Chaudhary,MULTAN,Pulmonologist / Lung Specialist,"Chest Care Clinic, Al Rahim Colony, Multan",Pulmonologist / Lung Specialist
Dr. Malik Waseem Riaz Goraya,MULTAN,"Pulmonologist / Lung Specialist, Chest Respiratory Specialist","Islamabad Diagnostic Center IDC, Main Nishtar Road, Multan","Pulmonologist / Lung Specialist, Chest Respiratory Specialist"
Dr. Muhammad Wajahat Tariq,MULTAN,Pulmonologist / Lung Specialist,"Multan Clinic (Dr. Wajahat Tariq), punjab, Multan",Pulmonologist / Lung Specialist
Dr. Muhammad Aneel Razzaq,MULTAN,Pulmonologist / Lung Specialist,"Chugtai Medical Center, Nishtar Road, Multan",Pulmonologist / Lung Specialist
Dr. Waqar Masood Khan,MULTAN,Pulmonologist / Lung Specialist,No Address Available,Pulmonologist / Lung Specialist
Dr. Tariq Saeed Pirzada,MULTAN,Pulmonologist / Lung Specialist,"Saeed Chest Care Clinic, Hafiz Jamal Road, Multan",Pulmonologist / Lung Specialist
Dr. Masood Alam,MULTAN,Pulmonologist / Lung Specialist,"Rehman Medical Complex Hospital, Lalazar Colony, Multan",Pulmonologist / Lung Specialist
Dr. Sarmad Abdul Rahman Khan,MULTAN,Pulmonologist / Lung Specialist,"Hassan Chest Clinic (New), Nishtar Rd, Al Rahim Colony, Multan",Pulmonologist / Lung Specialist
Dr. Mohsin Farooq Rana,MULTAN,Pulmonologist / Lung Specialist,No Address Available,Pulmonologist / Lung Specialist
Dr. Muhammad Tayyab Ahmed,MULTAN,Pulmonologist / Lung Specialist,"Bakhtawar Amin Medical College And Hospital, Gulistan Housing Scheme, Multan",Pulmonologist / Lung Specialist
Dr. Naveed Ali Bahadur,MULTAN,Pulmonologist / Lung Specialist,"Seyal Center, Qadirabad, Multan",Pulmonologist / Lung Specialist
Dr. Saqib Majeed,MULTAN,Orthopedic Surgeon,"Orthopaedic Associates, Nishtar Road, Multan",Orthopedic Surgeon
Dr. Nadeem Mansha,MULTAN,Orthopedic Surgeon,"Dr Nadeem Mansha Clinic (Dost Plaza), Nishtar Road, Multan",Orthopedic Surgeon
Dr. Ahmad Khalil Khan,MULTAN,Orthopedic Surgeon,"Fatima Medical Centre, Rasheed Abad, Multan",Orthopedic Surgeon
Dr. Rao Arif Mustafa,MULTAN,Orthopedic Surgeon,"Orthopaedic Associates, Nishtar Road, Multan",Orthopedic Surgeon
Dr. Muhammad Arshad Joiya,MULTAN,Orthopedic Surgeon,"Islamabad Specialists Clinic (Nishtar Road Multan), Multan, Multan",Orthopedic Surgeon
Dr. Israr Ahmad,MULTAN,Orthopedic Surgeon,"Fatima Medical Centre, Rasheed Abad, Multan",Orthopedic Surgeon
Assoc. Prof. Dr. Ghulam Qadir Khan,MULTAN,Orthopedic Surgeon,"Shaheena Hashmi Polyclinic, Gulgasht Colony, Multan",Orthopedic Surgeon
Asst. Prof. Dr. Muhammad Adeel Razzaque,MULTAN,"Pediatric Orthopedic Surgeon, Spine Specialist","Trauma Orthopaedic and Spine Clinic, Nishtar Road, Multan","Pediatric Orthopedic Surgeon, Spine Specialist"
Dr. M Badar Ud Din Zafir,MULTAN,Orthopedic Surgeon,"CGO Clinic, New Shalimar Colony, Multan",Orthopedic Surgeon
Dr. Malik Manzoor Hussain,MULTAN,Orthopedic Surgeon,"Al Khaliq Hospital, Al Rahim Colony, Multan",Orthopedic Surgeon
Dr. Jahangir Riaz Chaudhary,MULTAN,Orthopedic Surgeon,No Address Available,Orthopedic Surgeon
Dr. Usman Saleem,MULTAN,Orthopedic Surgeon,"Dr Usman Saleem Clinic, Jamilabad, Multan",Orthopedic Surgeon
Dr. Hashim Raza Bukhari,MULTAN,Pediatrician,"City Hospital, Chah Usman Wala, Multan",Pediatrician
Asst. Prof. Dr. Mudasser Adnan,MULTAN,Pediatrician,"Chenab General Hospital, Jamilabad Colony, Multan",Pediatrician
Asst. Prof. Dr. Sulaiman,MULTAN,Pediatrician,"Ali Child Clinic, Garden Town, Multan",Pediatrician
Dr. Abdul Basit,MULTAN,Pediatrician,"Haleema Hospital, Al Rahim Colony, Multan",Pediatrician
Asst. Prof. Dr. Rabia Saleem Safdar,MULTAN,"Pediatrician, Pediatric Nephrologist",No Address Available,"Pediatrician, Pediatric Nephrologist"
Dr. Malik Ejaz Ahmed,MULTAN,Pediatrician,"Hope Nic 1 Child Care complex, Jamilabad Colony, Multan",Pediatrician
Dr. Muhammad Ashraf Wahla,MULTAN,Pediatrician,"Child Care Clinic Multan, Bosan Rd, Multan",Pediatrician
Dr. Ateeq Ur Rehman,MULTAN,Pediatrician,"Haider Consutlant Chamber Hospital, Lalazar Colony, Multan",Pediatrician
Asst. Prof. Dr. Afaq Hussain,MULTAN,"Neonatologist, Pediatrician","Medicare Hospital, Altaf Town, Multan","Neonatologist, Pediatrician"
Dr. Usman Fawad,MULTAN,Pediatrician,"South Punjab Hospital, Suraj Miani Road, Multan",Pediatrician
Prof. Dr. Ghulam Mustafa,MULTAN,Pediatrician,No Address Available,Pediatrician
Asst. Prof. Dr. Rao Muhammad Awais Roomi,MULTAN,Pediatrician,"South Punjab Hospital, Suraj Miani Road, Multan",Pediatrician
Asst. Prof. Dr. Mehboob Qadir,MULTAN,"General Physician, Endocrinologist","Ali Medical Complex, Suraj Miani Road, Multan","General Physician, Endocrinologist"
Dr. Asim Munir Alvi Consultant Endocrinologist,MULTAN,General Physician,"Medicare Hospital, Tipu Sultan Colony, Multan",General Physician
Prof. Dr. Abdul Razaq,MULTAN,"General Physician, Sexologist","Hussain Memorial Hospital, Sodiwal Samanabad, Lahore","General Physician, Sexologist"
Dr. Muhammad Sufian Pasha,MULTAN,General Physician,"Cmh Hospital, Cantt, Jhelum",General Physician
Dr. Summan Faiz,MULTAN,General Physician,"Al Shafi Hospital, Dubai chowk, Lahore",General Physician
Dr. Moon Saima Raouf,MULTAN,"Counselor, General Physician","Shaheer Homeopathic Family Clinic, Sher Shah Road, Multan","Counselor, General Physician"
Dr. Muhammad Mudasir Saleem,MULTAN,General Physician,":Bakht Sawai Memorial Clinic, punjab, Multan",General Physician
Dr. Musab Umair,MULTAN,General Physician,"Al Rehman Medicure Clinic, 0, Multan",General Physician
Dr. Munir Hussain Shah,MULTAN,"General Physician, Nutritionist","Weightless Slimming &amp; Aesthetic Clinic, Chungi No. 1, Multan","General Physician, Nutritionist"
Dr. Muhammad Qasim,MULTAN,General Physician,"Multan Skin Care Center, Nishar Road, Multan",General Physician
Dr. Muhammad Ahmad Shafiq,MULTAN,General Physician,"Smile Dental &amp; Medical Complex, Mailsi, Vehari",General Physician
Dr. Ayesha Adeel,MULTAN,General Physician,"Asghari Tariq Hospital, Faizabad, Multan",General Physician
Dr. Maliha Jauhar,MULTAN,Nephrologist,"Ali Medical Complex, Suraj Miani Road, Multan",Nephrologist
Prof. Dr. Ghualm Abbas,MULTAN,Nephrologist,No Address Available,Nephrologist
Asst. Prof. Dr. Muhammad Muzammil,MULTAN,Nephrologist,"Bakhtawar Amin Medical Centre, Chungi No 1, Multan",Nephrologist
Dr. Fatima Zuhra,MULTAN,Nephrologist,"Khursheed Rafique Hospital, Rasheedabad, Multan",Nephrologist
Dr. Ubaid Khan,MULTAN,Nephrologist,"Naseem Clinic, Mumtazabad, Multan",Nephrologist
Asst. Prof. Dr. Poonum Khalid,MULTAN,Nephrologist,"Medicare Hospital, Tipu Sultan Colony, Multan",Nephrologist
Dr. Maryam Ali,MULTAN,Nephrologist,No Address Available,Nephrologist
Asst. Prof. Dr. Muhammad Waqas Khan,MULTAN,"Urologist, General Surgeon, Sexologist, Andrologist","Ashraf Naseer Hospital, shah rukne alam colony, Multan","Urologist, General Surgeon, Sexologist, Andrologist"
Dr. Abdul Ghaffar,MULTAN,"Urologist, Sexologist, Andrologist","Punjab Hospital, New Multan Colony, Multan","Urologist, Sexologist, Andrologist"
Prof. Dr. Abdul Razaq,MULTAN,"General Physician, Sexologist","Hussain Memorial Hospital, Sodiwal Samanabad, Lahore","General Physician, Sexologist"
Asst. Prof. Dr. Muhammad Adnan,MULTAN,Sexologist,"Mukhtar A Sheikh Hospital, Shah Rukn E Alam Town, Multan",Sexologist
Dr. Ahmad Bilal,MULTAN,"Urologist, Sexologist, Andrologist","Gulgasht Hospital, North Gulgasht Colony, Multan","Urologist, Sexologist, Andrologist"
Dr. Naveed Anwar,MULTAN,"Urologist, Sexologist, Andrologist","Omer Hospital, Nishtar Road, Multan","Urologist, Sexologist, Andrologist"
Dr. Mian Muhammad Asif Nawaz,MULTAN,"Urologist, General Physician, Sexologist, Andrologist",No Address Available,"Urologist, General Physician, Sexologist, Andrologist"
Dr. Fazal Ur Rehman,MULTAN,"Urologist, Andrologist, Sexologist","Chenab General Hospital, Jamilabad Colony, Multan","Urologist, Andrologist, Sexologist"
Dr. Muhammad Hassan Nisar,MULTAN,"Ent Specialist, Ent Surgeon","Chugtai Medical Centre (Multan), Nishtar Road, Multan","Ent Specialist, Ent Surgeon"
Dr. Agha Zohaib Sadiq,MULTAN,General Practitioner,"Al Khaliq Hospital, Al Rahim Colony, Multan",General Practitioner
Dr. Shahlla Majeed,MULTAN,Ent Specialist,"Rehman Medical Complex Hospital, Lalazar Colony, Multan",Ent Specialist
Dr. Sharif Shahid,MULTAN,Ent Specialist,"Al Khaliq Hospital, Al Rahim Colony, Multan",Ent Specialist
Dr. Muhammad Rashad Qamar Rao,MULTAN,Eye Surgeon,"Retina Eye Clinic, Nishtar Road, Multan",Eye Surgeon
Dr. Abrar Ahmad,MULTAN,Eye Surgeon,"Afzal Medicare, Garden Town, Multan",Eye Surgeon
Dr. Muhammad Zaka Ullah Khan,MULTAN,Eye Surgeon,"Saleem Surgical Hospital, Bosan Road, Multan",Eye Surgeon
Dr. Muhammad Faaz Malik,MULTAN,Eye Surgeon,"Madni Hospital Multan, punjab, Multan",Eye Surgeon
Dr. Sadaqat Ali,MULTAN,Eye Surgeon,"Bakhtawar Amin Medical College And Hospital, Gulistan Housing Scheme, Multan",Eye Surgeon
Prof. Dr. M Ijaz Kanju,MULTAN,Eye Surgeon,"City Hospital, Chah Usman Wala, Multan",Eye Surgeon
Dr. Maj (r) Asaad Saleem,MULTAN,Eye Surgeon,"Dr Asaad Saleem Punjab Eye Care Clinic, Al Rahim Colony, Multan",Eye Surgeon
Dr. Muhammad Tariq Naeem Khakhi,MULTAN,Neuro Surgeon,"Hareem Family Care, Garden Town, Multan",Neuro Surgeon
Dr. Shahid Bokhari,MULTAN,Neuro Surgeon,"Medicare Hospital, Altaf Town, Multan",Neuro Surgeon
Dr. Muhammad Ali Waqas,MULTAN,Neuro Surgeon,"Haleema Hospital Complex, Al Rahim Colony, Multan",Neuro Surgeon
Dr. Shaheer Anwar,MULTAN,Neuro Surgeon,"Jazaa Health Care, sewra chowk, Multan",Neuro Surgeon
Dr. Zunaira Tanveer Ramzi,MULTAN,Neuro Surgeon,No Address Available,Neuro Surgeon
Dr. Iqbal Ahmad Kharal,MULTAN,Neuro Surgeon,"Bakhtawar Amin Medical College And Hospital, Gulistan Housing Scheme, Multan",Neuro Surgeon
Dr. Imtiaz Ahmad Awan,MULTAN,Neuro Surgeon,"Hajra Brain And Spine Centre, Al Rahim Colony, Multan",Neuro Surgeon
Dr. Syed Shahid Mehmood Bokhari,MULTAN,Neuro Surgeon,"Munshi Clinic, Ahsan Colony, Multan",Neuro Surgeon
Dr. Saleem Akhtar,MULTAN,Neuro Surgeon,"Azeem Hospital, Altaf Town, Multan",Neuro Surgeon
Prof. Dr. Azer Rashid,PESHAWAR,Dermatologist,"Habib Medical Complex Hospital, Dubgari Garden, Peshawar",Dermatologist
Asst. Prof. Dr. Rabeeka Bakhtiar,PESHAWAR,Dermatologist,"Dr Rabeeka skin and laser clinic, Hayatabaad, Peshawar",Dermatologist
Dr. Shamyla Shah,PESHAWAR,Dermatologist,No Address Available,Dermatologist
Asst. Prof. Dr. Kalsoom Aslam,PESHAWAR,Dermatologist,"Dr kalsoom skin and laser clinic PESHAWAR, PESHAWAR, Peshawar",Dermatologist
Dr. Sami Ullah Khalil,PESHAWAR,Dermatologist,"Dr Sami ullah khalil, Dabgari Garden, Peshawar",Dermatologist
Dr. Adil Hamayun,PESHAWAR,Dermatologist,"De Looks Clinic, Khyber Pakhtunkhwa, Peshawar",Dermatologist
Dr. Shahzad Rashid Awan,PESHAWAR,Dermatologist,"Rahim Medical Center And Hospital, Hasht Nagri, Peshawar",Dermatologist
Dr. Tania Khattak,PESHAWAR,Dermatologist,"Med Care Hospital, Canal Rd, Peshawar",Dermatologist
Dr. Nafila Taqweem,PESHAWAR,Dermatologist,"Afridi Medical Complex, Tahkal, Peshawar",Dermatologist
Dr. Fahad Faizullah,PESHAWAR,Dermatologist,"Aesthetica Plastika, Khyber Pakhtunkhwa, Peshawar",Dermatologist
Dr. Zahid Usman,PESHAWAR,Dermatologist,"Akbar Medical Centre, Civil Quarters, Peshawar",Dermatologist
Dr. Kashif Ali,PESHAWAR,Dermatologist,"Dr Kashif Aesthetic Studio, University Town, Peshawar",Dermatologist
Dr. Danish Nabi,PESHAWAR,Neurologist,"Dr Danish Neurology Clinic &amp; Neuro-Diagnostic Center, Hayatabaad, Peshawar",Neurologist
Dr. Sohail Khan,PESHAWAR,Neurologist,"Rehman Medical Institute Hospital, Hayatabad, Peshawar",Neurologist
Dr. Ayesha Zafar,PESHAWAR,Neurologist,No Address Available,Neurologist
Dr. Harwindar Kumar,PESHAWAR,Neurologist,No Address Available,Neurologist
Dr. Muhammad Shahid Iqbal,PESHAWAR,Neurologist,"Rehman Medical Institute Hospital, Hayatabad, Peshawar",Neurologist
Dr. Adnan Ali Shah,PESHAWAR,Neurologist,"Khattak Medical Center, Dubgari Garden, Peshawar",Neurologist
Dr. Mewat Shah Bangash,PESHAWAR,Neurologist,"Khyber Medical Centre, Dabgari Garden, Peshawar",Neurologist
Dr. Saad Saddique,PESHAWAR,Neurologist,"Khyber Medical Centre, Dabgari Garden, Peshawar",Neurologist
Prof. Dr. M. Tariq Safi,PESHAWAR,Neurologist,"Peshawar Institute Of Medical Sciences Hospital, Hayatabad, Peshawar",Neurologist
Asst. Prof. Dr. Anwar Shah,PESHAWAR,Neurologist,"Khyber Medical Centre, Dabgari Garden, Peshawar",Neurologist
Dr. Haroon Khan,PESHAWAR,Neurologist,"Northwest General Hospital, Hayatabad, Peshawar",Neurologist
Assoc. Prof. Dr. Tayaba Mazhar,PESHAWAR,Gynecologist,"Tayaba Mazhar Hospital, University Town, Peshawar",Gynecologist
Prof. Dr. Saima Gillani,PESHAWAR,Gynecologist,"Rehman Medical Institute Hospital, Hayatabad, Peshawar",Gynecologist
Assoc. Prof. Dr. Samdana Wahab,PESHAWAR,Gynecologist,"Khyber Medical Centre, Dabgari Garden, Peshawar",Gynecologist
Dr. Nadia,PESHAWAR,Gynecologist,"Arif diagnostic Hospital, Hayatabaad, Peshawar",Gynecologist
Dr. Ruqia Fida,PESHAWAR,Gynecologist,"Dr Fida Painless Hospital Infertility &amp; Research Centre, Khyber Pakhtunkhwa, Peshawar",Gynecologist
Dr. Saida Abrar,PESHAWAR,Gynecologist,"Lady Reading Hospital, Khyber Pakhtunkhwa, Peshawar",Gynecologist
Dr. Qamar Un Nisa,PESHAWAR,Gynecologist,"Rehman Medical Institute Hospital, Hayatabad, Peshawar",Gynecologist
Dr. Fazilat Jamala,PESHAWAR,Gynecologist,"Northwest General Hospital, Hayatabad, Peshawar",Gynecologist
Prof. Dr. Roeda Shams,PESHAWAR,Gynecologist,"Rehman Medical Institute Hospital, Hayatabad, Peshawar",Gynecologist
Assoc. Prof. Dr. Ghazala Shams,PESHAWAR,Gynecologist,"Mohmand Medical Complex, Dabgari Garden, Peshawar",Gynecologist
Assoc. Prof. Dr. Qudsia Qazi,PESHAWAR,Gynecologist,"Abaseen Hospital, Mohalla Quwat-ul-Islam, Peshawar",Gynecologist
Prof. Dr. Samia Zahid Aman,PESHAWAR,Gynecologist,"Northwest General Hospital &amp; Research Center, Phase 5 Hayatabad, Peshawar",Gynecologist
Prof. Dr. Amin Ul Haq,PESHAWAR,"Urologist, Sexologist, Andrologist","Habib Medical Center, Dubgari Road, Peshawar","Urologist, Sexologist, Andrologist"
Prof. Dr. Nasir Orakzai,PESHAWAR,Urologist,"Rehman Medical Institute Hospital, Hayatabad, Peshawar",Urologist
Dr. Akhtar Nawaz,PESHAWAR,"Urologist, Sexologist, Andrologist","Institute Of Kidney Diseases, Hayatabad, Peshawar","Urologist, Sexologist, Andrologist"
Dr. Muhammad Shahzad,PESHAWAR,"Urologist, Sexologist, Andrologist, Nephrologist","Institute Of Kidney Diseases, Hayatabad, Peshawar","Urologist, Sexologist, Andrologist, Nephrologist"
Dr. Faiza Hayat,PESHAWAR,Urologist,"Abaseen Hospital, Mohalla Quwat-ul-Islam, Peshawar",Urologist
Prof. Dr. Liaqat Ali,PESHAWAR,Urologist,"Abaseen Hospital, Mohalla Quwat-ul-Islam, Peshawar",Urologist
Dr. Sajid Shakeel Shah,PESHAWAR,"Urologist, Sexologist, Andrologist","Afridi Medical Complex, Tahkal, Peshawar","Urologist, Sexologist, Andrologist"
Asst. Prof. Dr. Mir Abid,PESHAWAR,"Urologist, Sexologist, Andrologist","Mohmand Medical Complex, Dabgari Garden, Peshawar","Urologist, Sexologist, Andrologist"
Dr. Nazim Mohayuddin,PESHAWAR,Urologist,"Rehman Medical Institute Hospital, Hayatabad, Peshawar",Urologist
Dr. Rizwan Ullah Kundi,PESHAWAR,Urologist,"Deans Medicine Center, hayatabad phase 4, Peshawar",Urologist
Dr. Samiullah Opal,PESHAWAR,Urologist,"Pak Medical Center, Khyber Pakhtunkhwa, Peshawar",Urologist
Dr. Majid Khan Kaka Khel,PESHAWAR,Urologist,"Shah Hospital, Near LRH hospital, Peshawar",Urologist
Dr. Mian Shah Yousaf,PESHAWAR,Gastroenterologist,"Prime Hospital Complex Peshawar, Warsak Road, Peshawar",Gastroenterologist
Asst. Prof. Dr. Younas Ahmad,PESHAWAR,Gastroenterologist,"Khyber Medical Centre, Dabgari Garden, Peshawar",Gastroenterologist
Dr. Intikhab Alam,PESHAWAR,Gastroenterologist,"Khushal Medical Center, Khyber Pakhtunkhwa, Pakistan, Peshawar",Gastroenterologist
Dr. Ahmad Shah Kakakhel,PESHAWAR,Gastroenterologist,No Address Available,Gastroenterologist
Prof. Dr. Sadiq Shah,PESHAWAR,Gastroenterologist,"Rehman Medical Institute Hospital, Hayatabad, Peshawar",Gastroenterologist
Dr. Asif Imran,PESHAWAR,General Physician,"Mohmmand medical centre, Hayatabaad, Peshawar",General Physician
Dr. Muhammad Anees,PESHAWAR,Gastroenterologist,"Khyber Medical Centre, Dabgari Garden, Peshawar",Gastroenterologist
Asst. Prof. Dr. Jawad Khan,PESHAWAR,Gastroenterologist,"Khushal Medical Center, Khyber Pakhtunkhwa, Pakistan, Peshawar",Gastroenterologist
Asst. Prof. Dr. Muhammad Kabir,PESHAWAR,Gastroenterologist,"Al Sehat Medical Complex (Timergara), Opposite DHQ Hospital, Timergara",Gastroenterologist
Dr. Akkash Haider,PESHAWAR,Gastroenterologist,"Al-Khidmat Hospital, Dabgari Garden, Peshawar",Gastroenterologist
Dr. Abubakkar Alam,PESHAWAR,Gastroenterologist,"Rahim Medical Center And Hospital, Hasht Nagri, Peshawar",Gastroenterologist
Dr. Noman Khan,PESHAWAR,Gastroenterologist,"Irfan General Hospital, Rashidabad, Peshawar",Gastroenterologist
Dr. Bilal Ahmad,PESHAWAR,"General Physician, Pulmonologist / Lung Specialist, Chest Respiratory Specialist","Pak Emirates Military Hospital(PEMH), punjab, Rawalpindi","General Physician, Pulmonologist / Lung Specialist, Chest Respiratory Specialist"
Dr. Zaffar Iqbal,PESHAWAR,Pulmonologist / Lung Specialist,"Rehman Medical Institute Hospital, Hayatabad, Peshawar",Pulmonologist / Lung Specialist
Dr. Jamal Umar,PESHAWAR,Pulmonologist / Lung Specialist,"Khushal Medical Center &amp; Hospital, Dabgari Garden, Peshawar",Pulmonologist / Lung Specialist
Assoc. Prof. Dr. Anila Basit,PESHAWAR,Pulmonologist / Lung Specialist,"Abaseen Hospital, Mohalla Quwat-ul-Islam, Peshawar",Pulmonologist / Lung Specialist
Prof. Dr. Mukhtiar Zaman,PESHAWAR,Pulmonologist / Lung Specialist,"Rehman Medical Institute Hospital, Hayatabad, Peshawar",Pulmonologist / Lung Specialist
Dr. Saima Alam Afridi,PESHAWAR,Pulmonologist / Lung Specialist,"Rehman Medical Institute Hospital, Hayatabad, Peshawar",Pulmonologist / Lung Specialist
Dr. Imran Ullah Khan,PESHAWAR,Pulmonologist / Lung Specialist,"Rehman Medical Institute Hospital, Hayatabad, Peshawar",Pulmonologist / Lung Specialist
Dr. Muhammad Imran Khan,PESHAWAR,Pulmonologist / Lung Specialist,"Saeed Medical Complex, kohat Road, Peshawar",Pulmonologist / Lung Specialist
Asst. Prof. Dr. Muhammad Imran,PESHAWAR,Pulmonologist / Lung Specialist,"Lady Reading, Soekarno Rd, Peshawar",Pulmonologist / Lung Specialist
Dr. Javed Ali Khan,PESHAWAR,Pulmonologist / Lung Specialist,"Dr. Javed Ali Khan, Khyber Bazar, Peshawar",Pulmonologist / Lung Specialist
Asst. Prof. Dr. Usman Saeed,PESHAWAR,Pulmonologist / Lung Specialist,No Address Available,Pulmonologist / Lung Specialist
Dr. Arslan Rahat Ullah,PESHAWAR,Pulmonologist / Lung Specialist,"Northwest General Hospital, Hayatabad, Peshawar",Pulmonologist / Lung Specialist
Asst. Prof. Dr. Samir Kabir,PESHAWAR,Orthopedic Surgeon,"Hayatabad Medical Complex Hospital, Hayatabad, Peshawar",Orthopedic Surgeon
Dr. Hussain Wahab,PESHAWAR,Orthopedic Surgeon,"Rawalpindi International Hospital, Satellite Town, Rawalpindi",Orthopedic Surgeon
Dr. Aimal Sattar,PESHAWAR,Orthopedic Surgeon,"Lady Reading, Soekarno Rd, Peshawar",Orthopedic Surgeon
Dr. Zeeshan Khan,PESHAWAR,Orthopedic Surgeon,"Rehman Medical Institute Hospital, Hayatabad, Peshawar",Orthopedic Surgeon
Dr. Ghulam Atiq,PESHAWAR,Orthopedic Surgeon,"Rehman Medical Institute Hospital, Hayatabad, Peshawar",Orthopedic Surgeon
Dr. Abdul Waheed,PESHAWAR,Orthopedic Surgeon,"Rehman Medical Institute Hospital, Hayatabad, Peshawar",Orthopedic Surgeon
Dr. Yaad Zaman,PESHAWAR,Orthopedic Surgeon,"Imran Hospital, N-45, Timergara, Lower Dir, Khyber Pakhtunkhwa, Timergara",Orthopedic Surgeon
Prof. Dr. Malik Javed Iqbal,PESHAWAR,Orthopedic Surgeon,"Peshawar General Hospital, Hayatabad, Peshawar",Orthopedic Surgeon
Asst. Prof. Dr. Baqir Hussain,PESHAWAR,Orthopedic Surgeon,"Lady Reading Hospital, Khyber Pakhtunkhwa, Peshawar",Orthopedic Surgeon
Dr. Zain Ullah,PESHAWAR,Orthopedic Surgeon,"SUDAIS Medical Complex, Khyber Pakhtunkhwa, Charsadda",Orthopedic Surgeon
Asst. Prof. Dr. Sana Ullah,PESHAWAR,Orthopedic Surgeon,"Khyber Medical Centre, Dabgari Garden, Peshawar",Orthopedic Surgeon
Dr. Zulfiqar Ullah,PESHAWAR,Orthopedic Surgeon,"Pak Medical Center, Khyber Pakhtunkhwa, Peshawar",Orthopedic Surgeon
Asst. Prof. Dr. Syed Sajid Hussain Shah,PESHAWAR,"Pediatrician, Pediatric Nephrologist","Institute Of Kidney Diseases, Hayatabad, Peshawar","Pediatrician, Pediatric Nephrologist"
Dr. Anwar Ullah,PESHAWAR,Pediatrician,"Baba Medical Center, Dabgari Garden, Peshawar",Pediatrician
Dr. Rashid Pervez,PESHAWAR,Pediatrician,"Al Shifa Child Care, University Town, Peshawar",Pediatrician
Dr. Muhammad Jahangir Khan Afridi,PESHAWAR,Pediatrician,"City Hospital, Gisako Colony, Peshawar",Pediatrician
Asst. Prof. Dr. Amir Muhammad,PESHAWAR,Pediatrician,"Lady Reading Hospital, Khyber Pakhtunkhwa, Peshawar",Pediatrician
Dr. Anwar Zeb,PESHAWAR,Pediatrician,"Rehman Medical Institute Hospital, Hayatabad, Peshawar",Pediatrician
Dr. M Nouman,PESHAWAR,Pediatrician,No Address Available,Pediatrician
Dr. Mahmud Sultan Paracha,PESHAWAR,Pediatrician,No Address Available,Pediatrician
Dr. Muhammad Fayyaz,PESHAWAR,Pediatrician,"Irfan eye Clinic, , Civil Lines, Peshawar",Pediatrician
Dr. Ghulam Hussain,PESHAWAR,Pediatrician,No Address Available,Pediatrician
Dr. Furqan Ahmad,PESHAWAR,Pediatrician,"Afridi Medical Complex, Tahkal, Peshawar",Pediatrician
Dr. Khawaja Kamran Wajid,PESHAWAR,Pediatrician,"Saidan Shah Building, Dabgari Garden, Peshawar",Pediatrician
Dr. Gul Ghutai,PESHAWAR,General Physician,No Address Available,General Physician
Dr. Ziaullah Khan Chamkani,PESHAWAR,"General Physician, Diabetologist","Lady Reading Hospital, Khyber Pakhtunkhwa, Peshawar","General Physician, Diabetologist"
Dr. Muhammad Faisal,PESHAWAR,General Physician,"Sugar Hospital, Hayatabaad, Peshawar",General Physician
Prof. Dr. Rafi Ullah Orakzai,PESHAWAR,General Physician,"Rehman Medical Institute Hospital, Hayatabad, Peshawar",General Physician
Dr. Humaira Achakzai,PESHAWAR,General Physician,"Rehman Medical Institute Hospital, Hayatabad, Peshawar",General Physician
Dr. Naveed Ullah,PESHAWAR,Family Medicine,No Address Available,Family Medicine
Dr. Nadeem Sohail,PESHAWAR,General Physician,"City Hospital, Gisako Colony, Peshawar",General Physician
Dr. Hasham,PESHAWAR,General Physician,No Address Available,General Physician
Dr. Akhlaq Ahmed,PESHAWAR,General Physician,No Address Available,General Physician
Dr. Abdullah Alozai,PESHAWAR,General Physician,No Address Available,General Physician
Dr. Aitizaz Ahsan,PESHAWAR,General Physician,No Address Available,General Physician
Dr. Kamran Ullah,PESHAWAR,General Physician,No Address Available,General Physician
Dr. Muhammad Shahzad,PESHAWAR,"Urologist, Sexologist, Andrologist, Nephrologist","Institute Of Kidney Diseases, Hayatabad, Peshawar","Urologist, Sexologist, Andrologist, Nephrologist"
Dr. Ahmad Zeb Khan,PESHAWAR,Nephrologist,"Ibrahimi Hospital &amp; Trust, Lakar Mandi, Peshawar",Nephrologist
Dr. Nisar Anwar,PESHAWAR,Nephrologist,"Rehman Medical Institute Hospital, Hayatabad, Peshawar",Nephrologist
Asst. Prof. Dr. Irfan Mirza,PESHAWAR,Nephrologist,"Rehman Medical Institute Hospital, Hayatabad, Peshawar",Nephrologist
Dr. Tahir Rashid,PESHAWAR,Nephrologist,"Rehman Medical Institute Hospital, Hayatabad, Peshawar",Nephrologist
Assoc. Prof. Dr. Najam Ud Din,PESHAWAR,"Nephrologist, Internal Medicine Specialist","Khattak Medical Center, Dubgari Garden, Peshawar","Nephrologist, Internal Medicine Specialist"
Assoc. Prof. Dr. Sartaj Alam,PESHAWAR,Nephrologist,No Address Available,Nephrologist
Asst. Prof. Dr. Aimal Khan,PESHAWAR,Nephrologist,"Habib Medical Center, Dubgari Road, Peshawar",Nephrologist
Dr. Tauqeer Nasir,PESHAWAR,Nephrologist,"Lady Reading Hospital, Khyber Pakhtunkhwa, Peshawar",Nephrologist
Asst. Prof. Dr. Shahid Rizwan,PESHAWAR,Nephrologist,"Aman General Hospital, Khyber Pakhtunkhwa, Peshawar",Nephrologist
Prof. Dr. Amin Ul Haq,PESHAWAR,"Urologist, Sexologist, Andrologist","Habib Medical Center, Dubgari Road, Peshawar","Urologist, Sexologist, Andrologist"
Dr. Akhtar Nawaz,PESHAWAR,"Urologist, Sexologist, Andrologist","Institute Of Kidney Diseases, Hayatabad, Peshawar","Urologist, Sexologist, Andrologist"
Dr. Muhammad Shahzad,PESHAWAR,"Urologist, Sexologist, Andrologist, Nephrologist","Institute Of Kidney Diseases, Hayatabad, Peshawar","Urologist, Sexologist, Andrologist, Nephrologist"
Dr. Sajid Shakeel Shah,PESHAWAR,"Urologist, Sexologist, Andrologist","Afridi Medical Complex, Tahkal, Peshawar","Urologist, Sexologist, Andrologist"
Asst. Prof. Dr. Mir Abid,PESHAWAR,"Urologist, Sexologist, Andrologist","Mohmand Medical Complex, Dabgari Garden, Peshawar","Urologist, Sexologist, Andrologist"
Dr. Muhammad Hanif Khan,PESHAWAR,"Urologist, Sexologist, Andrologist",No Address Available,"Urologist, Sexologist, Andrologist"
Dr. Ahmad Nawaz,PESHAWAR,"Urologist, Andrologist, Sexologist","Akbar Medical Centre, Civil Quarters, Peshawar","Urologist, Andrologist, Sexologist"
Dr. Asif Malik,PESHAWAR,"Urologist, Andrologist, Sexologist","Pak Medical Center, Khyber Pakhtunkhwa, Peshawar","Urologist, Andrologist, Sexologist"
Asst. Prof. Dr. Muhammad Hafeez,PESHAWAR,Ent Specialist,"Khyber Medical Centre, Dabgari Garden, Peshawar",Ent Specialist
Asst. Prof. Dr. Imran Khan,PESHAWAR,Ent Specialist,"Khyber Teaching Hospital, University Town, Peshawar",Ent Specialist
Dr. Farid Khan,PESHAWAR,"Ent Specialist, Ent Surgeon","Buner Medical Complex Daggar, buner, Buner","Ent Specialist, Ent Surgeon"
Asst. Prof. Dr. Tahir Muhammad,PESHAWAR,Ent Specialist,No Address Available,Ent Specialist
Prof. Dr. Ihsan Ullah,PESHAWAR,Ent Specialist,"Dr Ihsan Ullah Clinic, Saidu Sharif, Swat",Ent Specialist
Dr. Mansoor Alam,PESHAWAR,Ent Specialist,No Address Available,Ent Specialist
Dr. Ihtesham Ul Haq,PESHAWAR,Ent Specialist,"Al-Khidmat Hospital, Dabgari Garden, Peshawar",Ent Specialist
Dr. Shakir Ullah,PESHAWAR,Ent Specialist,"Al-Khidmat Hospital, Dabgari Garden, Peshawar",Ent Specialist
Prof. Dr. Nematullah,PESHAWAR,Ent Specialist,"Akbar Medical Centre, Civil Quarters, Peshawar",Ent Specialist
Prof. Dr. Amjad Khan,PESHAWAR,Ent Specialist,"Khyber Medical Centre, Dabgari Garden, Peshawar",Ent Specialist
Prof. Dr. Sayed Fazal Sattar,PESHAWAR,Ent Specialist,"Aman Hospital, Civil Quarters, Peshawar",Ent Specialist
Prof. Dr. Shahdeen,PESHAWAR,Ent Specialist,"Aman Hospital, Civil Quarters, Peshawar",Ent Specialist
Dr. Usman Attique,PESHAWAR,Eye Surgeon,"Said Anwar Medical Centre, Lakar Mandi, Peshawar",Eye Surgeon
Dr. Asif Mehmood Orakzai,PESHAWAR,Eye Surgeon,"Rehman Medical Institute Hospital, Hayatabad, Peshawar",Eye Surgeon
Dr. Abdul Munim,PESHAWAR,Eye Surgeon,"Pak Medical Center, Khyber Pakhtunkhwa, Peshawar",Eye Surgeon
Dr. Alireza Ramezani,PESHAWAR,Eye Surgeon,No Address Available,Eye Surgeon
Dr. Hassan Yaqoob,PESHAWAR,Eye Surgeon,"Northwest General Hospital, Hayatabad, Peshawar",Eye Surgeon
Dr. Muhammad Farooq Sherzada,PESHAWAR,Neuro Surgeon,"Quaid-E-Azam International Hospital, Main Peshawar Road, Islamabad",Neuro Surgeon
Dr. Adil Ihsan,PESHAWAR,Neuro Surgeon,"Mohmand Medical Complex, Dabgari Garden, Peshawar",Neuro Surgeon
Dr. Ali Shah Jehan,PESHAWAR,Neuro Surgeon,"Mmc General Hospital, Dalazakh Road, Peshawar",Neuro Surgeon
Dr. Hamayun Tahir,PESHAWAR,Neuro Surgeon,No Address Available,Neuro Surgeon
Dr. Mansoor Ahmad,PESHAWAR,Neuro Surgeon,"Khushal Medical Center &amp; Hospital, Dabgari Garden, Peshawar",Neuro Surgeon
Asst. Prof. Dr. Mian Iftikhar Ul Haq Azeemi,PESHAWAR,Neuro Surgeon,No Address Available,Neuro Surgeon
Dr. Muhammad Shoaib,PESHAWAR,Neuro Surgeon,"Mohmand Medical Complex, Dabgari Garden, Peshawar",Neuro Surgeon
Dr. Shakirullah,PESHAWAR,Neuro Surgeon,"Akbar Medical Center (Peshawar), Dabgari Garden, Peshawar",Neuro Surgeon
Assoc. Prof. Dr. Mushtaq Shams,PESHAWAR,Neuro Surgeon,No Address Available,Neuro Surgeon
Dr. Naveed Zaman Akhunzada,PESHAWAR,Neuro Surgeon,"Rehman Medical Institute Hospital, Hayatabad, Peshawar",Neuro Surgeon
Dr. Arshad Khan,PESHAWAR,Neuro Surgeon,"Bukhari Medical and Surgical Complex, KPK, Bannu",Neuro Surgeon
Asst. Prof. Dr. Bakht Jamal,PESHAWAR,Neuro Surgeon,"Dr bakht jamal clinic, Mardan Road, Charsadda",Neuro Surgeon
Prof. Dr. Zahida Rani,SIALKOT,Dermatologist,"Khan Skin &amp; Laser Center, Commissioner road, Sialkot",Dermatologist
Dr. Sadia Munir Rana,SIALKOT,Dermatologist,"Khalida Memorial Hospital, Jinnah Park Coloney, Sialkot",Dermatologist
Assoc. Prof. Dr. Zareen Saqib Suleri,SIALKOT,Dermatologist,"Suleri Children and General Hospital, Muhammadpura, Sialkot",Dermatologist
Assoc. Prof. Dr. Major Naeem,SIALKOT,Dermatologist,"Skin Laser &amp; Allergy Centre, Nishat Park, Sialkot",Dermatologist
Dr. Kiran Rafique,SIALKOT,Dermatologist,"LASER SkinLine, Sambrial, Sialkot",Dermatologist
Dr. Muhammad Ali,SIALKOT,Dermatologist,"Amina Hospital, Ghazi officers colony, Sialkot",Dermatologist
Dr. Kaukab Fatima,SIALKOT,Neurologist,"Bashir Hospital, Khadim Ali Road, Sialkot",Neurologist
Dr. Muhammad Umer Farooq,SIALKOT,Neurologist,"New Life Hospital, Muhammadpura, Sialkot",Neurologist
Asst. Prof. Dr. Muhammad Farrukh Zia,SIALKOT,Neurologist,"Bashir Hospital, Khadim Ali Road, Sialkot",Neurologist
Prof. Dr. Anila Ansar,SIALKOT,Gynecologist,"Kiran International Hospital, punjab, Sialkot",Gynecologist
Dr. Rafiya Zahir,SIALKOT,Gynecologist,"Dar ul shifa hospital, Tariq Road, Sialkot",Gynecologist
Asst. Prof. Dr. Saadia Mir,SIALKOT,Gynecologist,"New Life Hospital, Muhammadpura, Sialkot",Gynecologist
Assoc. Prof. Dr. Ayesha Naeem,SIALKOT,Gynecologist,"Dr Ayesha Naeem Clinic, Tariq Road, Sialkot",Gynecologist
Dr. Zeb Un Nisa,SIALKOT,Gynecologist,"Amina Hospital, Ghazi officers colony, Sialkot",Gynecologist
Dr. Tehreem Khizer,SIALKOT,Gynecologist,"Dar ul shifa hospital, Tariq Road, Sialkot",Gynecologist
Dr. Raana Anwar,SIALKOT,Gynecologist,"City Hspital, Muhammadpura, Sialkot",Gynecologist
Asst. Prof. Dr. Natasha Usman,SIALKOT,Gynecologist,No Address Available,Gynecologist
Asst. Prof. Dr. Shazia Qasim,SIALKOT,Gynecologist,No Address Available,Gynecologist
Assoc. Prof. Dr. Nazia Tufail,SIALKOT,Gynecologist,No Address Available,Gynecologist
Dr. Madeeha Tassadaq,SIALKOT,Gynecologist,"Bethania Hospital Sialkot, Kahmir Road, Sialkot",Gynecologist
Dr. Sana Nasir,SIALKOT,Gynecologist,"Rasoolan Begum Clinic, kharota syedan, Sialkot",Gynecologist
Dr. Syed Hassan Akhtar,SIALKOT,"Urologist, Sexologist, Andrologist","Idrees Hospital, Sadar Cantt, Sialkot","Urologist, Sexologist, Andrologist"
Dr. Ozair Shakil,SIALKOT,Urologist,"Dar ul shifa hospital, Tariq Road, Sialkot",Urologist
Dr. Saqib Munir Suleri,SIALKOT,"Urologist, Sexologist, Andrologist","Suleri Children and General Hospital, Muhammadpura, Sialkot","Urologist, Sexologist, Andrologist"
Dr. Abdul Rauf,SIALKOT,Urologist,"Bashir Hospital, Khadim Ali Road, Sialkot",Urologist
Dr. Mudessar Rafaqat,SIALKOT,Urologist,"Dr Tassaduq’s Hospital Healthcare and Critical Care Centre, Khawaja Safdar Rd, Sialkot",Urologist
Prof. Dr. Shahid Raza Khalid,SIALKOT,Gastroenterologist,"Ranjha Medicare Clinic, Sialkot, Sialkot",Gastroenterologist
Asst. Prof. Dr. Junaid Mushtaq,SIALKOT,Gastroenterologist,"Sharif Medical Complex, Masjidpura, Sialkot",Gastroenterologist
Dr. Tauqeer Ahmad,SIALKOT,Gastroenterologist,"Liver Center, Puran nagar, Sialkot",Gastroenterologist
Dr. Abdul Wajid Khan,SIALKOT,Pulmonologist / Lung Specialist,"Dar ul shifa hospital, Tariq Road, Sialkot",Pulmonologist / Lung Specialist
Asst. Prof. Dr. Shanawer Qaiser,SIALKOT,Pulmonologist / Lung Specialist,"Islam Central Hospital, Muhammadpura, Sialkot",Pulmonologist / Lung Specialist
Dr. Salman Akhtar,SIALKOT,Pulmonologist / Lung Specialist,"Aslam Medical Complex, Allama Iqbal Town, Sialkot",Pulmonologist / Lung Specialist
Dr. Munir Bhatti,SIALKOT,Pulmonologist / Lung Specialist,"Govt. Sardar Begam Teaching Hospital, Rehmat Pura, Sialkot",Pulmonologist / Lung Specialist
Dr. Munir Ahmed Bhatti,SIALKOT,Pulmonologist / Lung Specialist,"Dr. Munir Ahmed Clinic, neka pura, Sialkot",Pulmonologist / Lung Specialist
Assoc. Prof. Dr. Muhammad Arif,SIALKOT,Orthopedic Surgeon,"Suleri Children and General Hospital, Muhammadpura, Sialkot",Orthopedic Surgeon
Asst. Prof. Dr. Rizwan Anwer,SIALKOT,Orthopedic Surgeon,"Islam Central Hospital, Muhammadpura, Sialkot",Orthopedic Surgeon
Asst. Prof. Dr. Muhammad Hammad Abbas,SIALKOT,Orthopedic Surgeon,"Dar ul shifa hospital, Tariq Road, Sialkot",Orthopedic Surgeon
Asst. Prof. Dr. Irfan Anwar,SIALKOT,"Spinal Surgeon, Orthopedic Surgeon, Spinal Surgeon",No Address Available,"Spinal Surgeon, Orthopedic Surgeon, Spinal Surgeon"
Asst. Prof. Dr. Adnan Mohyuddin,SIALKOT,Orthopedic Surgeon,"Bashir Hospital, Khadim Ali Road, Sialkot",Orthopedic Surgeon
Dr. Ahmed Tariq Malik,SIALKOT,Orthopedic Surgeon,"City Hospital, Nishat Park, Sialkot",Orthopedic Surgeon
Prof. Dr. Mian Azhar,SIALKOT,Orthopedic Surgeon,"National Hospital, Muhammadpura, Sialkot",Orthopedic Surgeon
Prof. Dr. Abdul Hannan,SIALKOT,Orthopedic Surgeon,"Syed Medical Complex Hospital, Commissioner Rd, Sialkot",Orthopedic Surgeon
Assoc. Prof. Dr. Rizwan Anwar,SIALKOT,Orthopedic Surgeon,"Khalida Memorial Hospital, Jinnah Park Coloney, Sialkot",Orthopedic Surgeon
Dr. M Junaid Ghumman,SIALKOT,Pediatrician,"Dar ul shifa hospital, Tariq Road, Sialkot",Pediatrician
Dr. Tariq Javed Chaudhary,SIALKOT,Pediatrician,"Javed Zamir Children Clinic, Timber Market, Pasrur",Pediatrician
Dr. Khalid Mehmood Butt,SIALKOT,Pediatrician,No Address Available,Pediatrician
Dr. Syed Ali Husnain,SIALKOT,Pediatrician,No Address Available,Pediatrician
Dr. Syed Mehboob Gillani,SIALKOT,Pediatrician,"Kiran International Hospital, punjab, Sialkot",Pediatrician
Dr. Salman Arshad,SIALKOT,Pediatrician,"Allama Iqbal Memorial Teaching Hospital, nishat park, Sialkot",Pediatrician
Assoc. Prof. Dr. Wajiha Rizwan,SIALKOT,Pediatrician,"Khalida Memorial Hospital, Jinnah Park Coloney, Sialkot",Pediatrician
Dr. Sheraz Masood,SIALKOT,General Physician,"Emaan Fatima Clinic, Rangpura, Sialkot",General Physician
Dr. Fakhar U Zaman Butt,SIALKOT,General Physician,"Imran Idrees Teaching Hospital, Daska Road, Sialkot",General Physician
Dr. Khurram Shahzad,SIALKOT,General Physician,No Address Available,General Physician
Dr. Usman Rehman,SIALKOT,General Physician,No Address Available,General Physician
Dr. Noman Saddique,SIALKOT,General Surgeon,"National Hospital &amp; Medical Centre, DHA Defence, Lahore",General Surgeon
Dr. Muhammad Zubair Arshad,SIALKOT,General Physician,"Riaz Medical Complex, Chaprar Road, Sialkot",General Physician
Dr. Rana Areez Ahmad,SIALKOT,General Physician,No Address Available,General Physician
Dr. Muhammad Mohsin,SIALKOT,General Physician,No Address Available,General Physician
Dr. Abdullah,SIALKOT,General Physician,"Sialkot Medical Complex Hospital, chak gillan, Sialkot",General Physician
Dr. Talha Arfan Butt,SIALKOT,General Physician,No Address Available,General Physician
Dr. Maria Mir,SIALKOT,General Physician,No Address Available,General Physician
Dr. Ahmed Khayyam,SIALKOT,General Physician,No Address Available,General Physician
Asst. Prof. Dr. Adnan Sulehri,SIALKOT,Nephrologist,"Islam Central Hospital, Muhammadpura, Sialkot",Nephrologist
Dr. Syed Hassan Akhtar,SIALKOT,"Urologist, Sexologist, Andrologist","Idrees Hospital, Sadar Cantt, Sialkot","Urologist, Sexologist, Andrologist"
Dr. Saqib Munir Suleri,SIALKOT,"Urologist, Sexologist, Andrologist","Suleri Children and General Hospital, Muhammadpura, Sialkot","Urologist, Sexologist, Andrologist"
Dr. Namra Shakil,SIALKOT,Ent Specialist,"Khalida Memorial Hospital, Defence homes society, Sialkot",Ent Specialist
Dr. Adeeb Ul Hassan,SIALKOT,Neuro Surgeon,"Rasheed Akhtar Hospital, Paragon City, Lahore",Neuro Surgeon
Assoc. Prof. Dr. Babar Butt,SIALKOT,Neuro Surgeon,"Khalida Memorial Hospital, Jinnah Park Coloney, Sialkot",Neuro Surgeon
Dr. Warda Naeem,GUJRANWALA,Dermatologist,"Shareef Hospital, Shalimar Town, Gujranwala",Dermatologist
Dr. Maria Anwar,GUJRANWALA,Dermatologist,"Muhammad Ali Family Hospital, Satellite Town, Gujranwala",Dermatologist
Dr. Atiya Imran,GUJRANWALA,Dermatologist,"Ali Family Clinic, Sialkot Road, Gujranwala",Dermatologist
Dr. Sara Naeem,GUJRANWALA,Dermatologist,"Gondal Medical Complex Hospital, Civil Lines, Gujranwala",Dermatologist
Dr. Samra Sadaf,GUJRANWALA,Dermatologist,No Address Available,Dermatologist
Dr. Moazzam Javaid Cheema,GUJRANWALA,Neurologist,"Central Hospital Gujranwala, GT Road, Gujranwala",Neurologist
Dr. Syed Raza Hussain,GUJRANWALA,Neurologist,"GK Institute of Neurosciences, Paragon City, Lahore",Neurologist
Dr. Muhammad Adnan,GUJRANWALA,Neurologist,"Medcare International Hospital, Near Sada Bahar burger Point, Gujranwala",Neurologist
Dr. Zara Maqsood,GUJRANWALA,Gynecologist,No Address Available,Gynecologist
Dr. Asma Akbar Chattha,GUJRANWALA,Gynecologist,"Medcare International Hospital, Civil Lines, Gujranwala",Gynecologist
Prof. Dr. Saima Iqbal,GUJRANWALA,Gynecologist,"Omar Hospital &amp; Cardiac Centre (Johar Town), Johar Town, Lahore",Gynecologist
Dr. Huma Sheikh,GUJRANWALA,Gynecologist,"Al Shifa Hospital, Satellite Town, Gujranwala",Gynecologist
Dr. Kousar Parveen,GUJRANWALA,Gynecologist,"National Hospital, Gujranwala, Gujranwala",Gynecologist
Dr. Nabila Basit Ch,GUJRANWALA,"Gynecologist, Radiologist","Taiba Hospital, Ferozwala Road, Gujranwala","Gynecologist, Radiologist"
Dr. Faiza Saeed,GUJRANWALA,Gynecologist,No Address Available,Gynecologist
Dr. Tayyaba Usman,GUJRANWALA,Gynecologist,"Bhatti Hospital, Muneer Chowk, Gujranwala",Gynecologist
Dr. Umber Munir,GUJRANWALA,Gynecologist,No Address Available,Gynecologist
Dr. Ayesha Ilyas,GUJRANWALA,Gynecologist,"Bhatti Hospital, Muneer Chowk, Gujranwala",Gynecologist
Dr. Fouzia Nawaz,GUJRANWALA,Gynecologist,No Address Available,Gynecologist
Dr. Sadaf Ishfaq,GUJRANWALA,Gynecologist,"Rehman Medical Complex, Peoples Colony, Gujranwala",Gynecologist
Asst. Prof. Dr. Asif Malik,GUJRANWALA,"Urologist, Sexologist, Andrologist","Muhammad Ali Family Hospital, Satellite Town, Gujranwala","Urologist, Sexologist, Andrologist"
Dr. Ali Shandar Durrani,GUJRANWALA,"Urologist, Sexologist, Andrologist","Chatha Hospital, , Civil Lines, Gujranwala","Urologist, Sexologist, Andrologist"
Dr. Abdul Razaq,GUJRANWALA,"Endourologist, Urologist","Fazil Memorial Hospital, Civil Lines, Gujranwala","Endourologist, Urologist"
Dr. Maria Khalid,GUJRANWALA,Urologist,"Gujranwala Medical Complex (New), punjab, Gujranwala",Urologist
Dr. Saad Azam,GUJRANWALA,Urologist,No Address Available,Urologist
Dr. M.irfan,GUJRANWALA,Urologist,"Gondal Medical Complex Hospital, Civil Lines, Gujranwala",Urologist
Dr. M.iqbal,GUJRANWALA,Urologist,"Fazil Memorial Hospital, Civil Lines, Gujranwala",Urologist
Dr. Nadir Hussain,GUJRANWALA,Urologist,"Chattha Hospital, Civil Lines, Gujranwala",Urologist
Dr. Farhan Arshad Cheema,GUJRANWALA,Urologist,"Allama Iqbal Memorial Trust Hospital, Attawa, Gujranwala",Urologist
Dr. Muhammad Umar,GUJRANWALA,Urologist,"Shabbir Hospital, Model Town, Daska",Urologist
Dr. Javed Imran,GUJRANWALA,Urologist,"Health and Nutrition Lounge - Nur International University, Model Town, Lahore",Urologist
Dr. Sadfar Ali Shah,GUJRANWALA,Urologist,"Medcare International Hospital, Near Sada Bahar burger Point, Gujranwala",Urologist
Dr. Zulfiqar Ali Bhatti,GUJRANWALA,Gastroenterologist,"Bhatti Hospital, Muneer Chowk, Gujranwala",Gastroenterologist
Asst. Prof. Dr. Najam Us Sehar,GUJRANWALA,Gastroenterologist,"Cheema Heart Complex, , Civil Lines, Gujranwala",Gastroenterologist
Dr. Faizan Pervaiz,GUJRANWALA,Gastroenterologist,"Gujranwala Medical Complex (New), punjab, Gujranwala",Gastroenterologist
Dr. Muhammad Jahangir Mujahid,GUJRANWALA,"Gastroenterologist, Medical Specialist","Medcare International Hospital, Near Sada Bahar burger Point, Gujranwala","Gastroenterologist, Medical Specialist"
Dr. Amanullah Khan,GUJRANWALA,Gastroenterologist,"Gondal Medical Complex Hospital, Civil Lines, Gujranwala",Gastroenterologist
Dr. Moeed Ahmad Khan,GUJRANWALA,Gastroenterologist,"Fazil Memorial Hospital, Civil Lines, Gujranwala",Gastroenterologist
Dr. Saad Bin Javed,GUJRANWALA,Gastroenterologist,"Hasan Clinic, Civil Lines, Gujranwala",Gastroenterologist
Dr. Atiq Ahmad Bhatti,GUJRANWALA,Gastroenterologist,"Gondal Medical Complex Hospital, Civil Lines, Gujranwala",Gastroenterologist
Dr. Col(r)shaukat Ali,GUJRANWALA,Gastroenterologist,"Medcare International Hospital, Near Sada Bahar burger Point, Gujranwala",Gastroenterologist
Dr. Abdul Moiz Bhatti,GUJRANWALA,Gastroenterologist,"Medcare International Hospital, Near Sada Bahar burger Point, Gujranwala",Gastroenterologist
Dr. Ghais Ul Hassan,GUJRANWALA,Gastroenterologist,"Medcare International Hospital, Near Sada Bahar burger Point, Gujranwala",Gastroenterologist
Assoc. Prof. Dr. Yasin Awan,GUJRANWALA,Orthopedic Surgeon,"Muhammad Hospital, Jinnah Rd, Gujranwala",Orthopedic Surgeon
Asst. Prof. Dr. Fahad Nazir,GUJRANWALA,Orthopedic Surgeon,"Punjab Medical Complex Hospital, People Colony, Gujranwala",Orthopedic Surgeon
Dr. Usman Latif,GUJRANWALA,Orthopedic Surgeon,"Bhatti Hospital, Muneer Chowk, Gujranwala",Orthopedic Surgeon
Dr. Nabeel Yazdani,GUJRANWALA,Orthopedic Surgeon,"Chaudhry Hospital, Main Satellite Town, Gujranwala",Orthopedic Surgeon
Prof. Dr. Syed Asif Ali,GUJRANWALA,Orthopedic Surgeon,No Address Available,Orthopedic Surgeon
Dr. Muhammad Maqsood Ahmad,GUJRANWALA,Orthopedic Surgeon,"Bhatti Hospital, Muneer Chowk, Gujranwala",Orthopedic Surgeon
Dr. Ammar Khalid,GUJRANWALA,Orthopedic Surgeon,"Siddique Sadiq Memorial Trust Hospital, Ittefaq Town, Gujranwala",Orthopedic Surgeon
Dr. Ahmed Sikendar,GUJRANWALA,Orthopedic Surgeon,"Amna Poly Clinic, Civil Lines, Gujranwala",Orthopedic Surgeon
Dr. Mohammad Nauman Shahid,GUJRANWALA,Orthopedic Surgeon,"Rehman Medical Complex, Peoples Colony, Gujranwala",Orthopedic Surgeon
Dr. Usman Ahmed,GUJRANWALA,Orthopedic Surgeon,"Max Health Hospital, Sector G, Islamabad",Orthopedic Surgeon
Prof. Dr. Naeem Mehmood Mughal,GUJRANWALA,Orthopedic Surgeon,"Winner health Care, Wapda town, Gujranwala",Orthopedic Surgeon
Dr. Khurram Bashir,GUJRANWALA,Orthopedic Surgeon,"Rahat Abdul Gufar Medical Complex, Eminabad, Gujranwala",Orthopedic Surgeon
Asst. Prof. Dr. Usman Rafique,GUJRANWALA,Pediatrician,"Rafique Children Complex, Main Model Town Road, Gujranwala",Pediatrician
Dr. Muzammil Ayub Mehar,GUJRANWALA,"General Physician, Pediatrician","Ali Family Clinic, Sialkot Road, Gujranwala","General Physician, Pediatrician"
Dr. Ayesha Maqsood,GUJRANWALA,Pediatrician,No Address Available,Pediatrician
Dr. Afsheen Oneeb,GUJRANWALA,Pediatrician,No Address Available,Pediatrician
Dr. Muhammad Awais,GUJRANWALA,Pediatrician,"BabyCare Clinic, Madrianwala Road, Hafizabad",Pediatrician
Dr. Saboor Latif,GUJRANWALA,Pediatrician,No Address Available,Pediatrician
Dr. Samia Butt,GUJRANWALA,Pediatrician,No Address Available,Pediatrician
Dr. Shoaib Khokhar,GUJRANWALA,Pediatrician,No Address Available,Pediatrician
Dr. Amna Mirza,GUJRANWALA,Pediatrician,No Address Available,Pediatrician
Dr. Aqeela Sami,GUJRANWALA,"Pediatrician, Pediatrician","Healing Hands Healthcare, Gujranwala, Gujranwala","Pediatrician, Pediatrician"
Dr. Aiman Islam,GUJRANWALA,Pediatrician,No Address Available,Pediatrician
Dr. Aqsa Ali,GUJRANWALA,Pediatrician,"Dr. Aqsa Ali - Child Care Clinic, Baghbanpura, Gujranwala",Pediatrician
Dr. Muzammil Ayub Mehar,GUJRANWALA,"General Physician, Pediatrician","Ali Family Clinic, Sialkot Road, Gujranwala","General Physician, Pediatrician"
Dr. Ali Zain,GUJRANWALA,General Physician,"Batool family clinic, 0, Wazirabad",General Physician
Dr. Ansa Sajeela Adil,GUJRANWALA,General Physician,No Address Available,General Physician
Dr. Bisharat Aziz Mughal,GUJRANWALA,General Physician,No Address Available,General Physician
Dr. Salman Iftikhar,GUJRANWALA,General Physician,"Shamshi Poly Clinic, Fareed Town, Gujranwala",General Physician
Dr. Nabila Younas,GUJRANWALA,Eye Specialist,No Address Available,Eye Specialist
Dr. Salman Ahmed,GUJRANWALA,General Physician,No Address Available,General Physician
Dr. Muhammad Easa Khan,GUJRANWALA,General Physician,No Address Available,General Physician
Dr. Sikandar Abbas,GUJRANWALA,General Physician,No Address Available,General Physician
Dr. Nimra Riaz,GUJRANWALA,General Physician,No Address Available,General Physician
Dr. Ali Khurshid Bhalli,GUJRANWALA,General Physician,No Address Available,General Physician
Dr. Ummar Ahmed,GUJRANWALA,General Physician,No Address Available,General Physician
Asst. Prof. Dr. Usman Khalid Cheema,GUJRANWALA,Nephrologist,"Medcare International Hospital, Civil Lines, Gujranwala",Nephrologist
Assoc. Prof. Dr. Fowad Shahzad,GUJRANWALA,"Nephrologist, Nephrologist, Diabetologist","Siddique Family Clinic, Green Town, Lahore","Nephrologist, Nephrologist, Diabetologist"
Asst. Prof. Dr. Nouman Hameed Sheikh,GUJRANWALA,Nephrologist,"Central Hospital, Jinnah Colony, Gujranwala",Nephrologist
Dr. Ahmar Ijaz Mughal,GUJRANWALA,Nephrologist,No Address Available,Nephrologist
Dr. Aqeel Ahmed,GUJRANWALA,Nephrologist,"New Gondal Hospital, Civil Lines, Gujranwala",Nephrologist
Dr. Fawad Shahzad Warrich,GUJRANWALA,Nephrologist,"Siddique Family Hospital, Rahwali Cantt, Gujranwala",Nephrologist
Dr. M.anees,GUJRANWALA,Nephrologist,"Gondal Medical Complex Hospital, Civil Lines, Gujranwala",Nephrologist
Dr. M.masood,GUJRANWALA,Nephrologist,"Fazil Memorial Hospital, Civil Lines, Gujranwala",Nephrologist
Dr. Numan Hameed,GUJRANWALA,Nephrologist,"Chattha Hospital, Civil Lines, Gujranwala",Nephrologist
Asst. Prof. Dr. Asif Malik,GUJRANWALA,"Urologist, Sexologist, Andrologist","Muhammad Ali Family Hospital, Satellite Town, Gujranwala","Urologist, Sexologist, Andrologist"
Dr. Umar Amin,GUJRANWALA,"Andrologist, Sexologist","Fatima Bashir Hospital, Ghakhar, Main GT Road, Ghakhar Mandi","Andrologist, Sexologist"
Dr. Ali Shandar Durrani,GUJRANWALA,"Urologist, Sexologist, Andrologist","Chatha Hospital, , Civil Lines, Gujranwala","Urologist, Sexologist, Andrologist"
Dr. Umair Hafeez,GUJRANWALA,Ent Specialist,"Central Hospital, Jinnah Colony, Gujranwala",Ent Specialist
Dr. Ayesha Hanif,GUJRANWALA,Eye Surgeon,No Address Available,Eye Surgeon
Dr. Ather Adnan,GUJRANWALA,Neuro Surgeon,"Muhammad Ali Family Hospital, Satellite Town, Gujranwala",Neuro Surgeon
Dr. Khawar Anwar,GUJRANWALA,Neuro Surgeon,"Farooq Hospital (DHA), DHA, Lahore",Neuro Surgeon
Dr. Gulzar Aslam Duggal,GUJRANWALA,Neuro Surgeon,"Siddique Family Hospital, Rahwali Cantt, Gujranwala",Neuro Surgeon
Asst. Prof. Dr. M.ashfaq,GUJRANWALA,Neuro Surgeon,"Gondal Medical Complex Hospital, Civil Lines, Gujranwala",Neuro Surgeon
Dr. Altaf Hussain,GUJRANWALA,Neuro Surgeon,"Majeed Medical Complex Hospital, Civil Lines, Gujranwala",Neuro Surgeon
Dr. Fawad Hussain,SARGODHA,Dermatologist,"Chughtai lab, Main Satellite Town, Sargodha",Dermatologist
Dr. Seemal Akram,SARGODHA,Dermatologist,"Rai Medical Complex Hospital, Satellite Town, Sargodha",Dermatologist
Dr. Aneela Gillani,SARGODHA,Dermatologist,"Niazi Medical Complex Hospital, Club Road, Sargodha",Dermatologist
Dr. Umer Khan,SARGODHA,Dermatologist,"Shifa Hospital, Sadiq Colony, Sargodha",Dermatologist
Dr. Asghar Janjjua,SARGODHA,Dermatologist,"Sadiq Hospital, Satellite Town, Sargodha",Dermatologist
Dr. Iqra Anwar Ammar,SARGODHA,Neurologist,No Address Available,Neurologist
Dr. Saima Ali,SARGODHA,Gynecologist,No Address Available,Gynecologist
Dr. Maria Anwar,SARGODHA,Gynecologist,"Maria Khalil Hospital, Main University Road, Sargodha",Gynecologist
Dr. Misbah Ashraf,SARGODHA,Gynecologist,"Khawaja Arshad Hospital, Satellite Town, Sargodha",Gynecologist
Dr. Nuzhat Zahoor,SARGODHA,Gynecologist,"Sadiq Hospital, Satellite Town, Sargodha",Gynecologist
Dr. Zeenish Amin,SARGODHA,Gynecologist,"Central Hospital Sargodha, Stadium Road, Sargodha",Gynecologist
Asst. Prof. Dr. Marriam Pervaiz Lali,SARGODHA,Gynecologist,"Faizi Hospital, Satellite Town, Sargodha",Gynecologist
Dr. Nadia Ahmed,SARGODHA,Gynecologist,"Kings Hospital, Faisalabad Road, Sargodha",Gynecologist
Dr. Humaira Azhar,SARGODHA,Gynecologist,"Khan Medicare Hospital, Iqbal Colony, Sargodha",Gynecologist
Dr. Mahad Khalid,SARGODHA,Gynecologist,"Khalid Hospital, University Road, Sargodha",Gynecologist
Dr. Faiqa Sarwar,SARGODHA,Gynecologist,No Address Available,Gynecologist
Dr. Amina Hafeez,SARGODHA,Gynecologist,No Address Available,Gynecologist
Dr. Durr E Shahwar,SARGODHA,Gynecologist,No Address Available,Gynecologist
Dr. Muhammad Zaheer,SARGODHA,Urologist,"Central Hospital Sargodha, Stadium Road, Sargodha",Urologist
Dr. Shafiq Awan,SARGODHA,Gastroenterologist,"Tayyab Hospital, Satellite Town, Sargodha",Gastroenterologist
Dr. Sheikh Muhammad Mahmood,SARGODHA,Gastroenterologist,"Fatima Hospital, University Road, Sargodha",Gastroenterologist
Dr. Ahsan Hayat,SARGODHA,Gastroenterologist,"Mubarak Medical Complex New Block, Satellite Town, Sargodha",Gastroenterologist
Dr. Muhammad Bilal Awan,SARGODHA,Gastroenterologist,"Bhatti Hospital, Jauharabad, Khushab",Gastroenterologist
Dr. Zia Ur Rehman,SARGODHA,Gastroenterologist,"Fatima Hospital, University Road, Sargodha",Gastroenterologist
Dr. Naeem Abbas Gilani,SARGODHA,Gastroenterologist,"Sadiq Hospital, Satellite Town, Sargodha",Gastroenterologist
Dr. Asad Hayat Chadhar,SARGODHA,Pulmonologist / Lung Specialist,"Sadiq Hospital, Satellite Town, Sargodha",Pulmonologist / Lung Specialist
Dr. Wasim Ahmad,SARGODHA,Pulmonologist / Lung Specialist,"Fatima Hospital, University Road, Sargodha",Pulmonologist / Lung Specialist
Dr. Muhammad Yousaf Khan Sherdil,SARGODHA,Pulmonologist / Lung Specialist,"Sherdil Clinic, Khushab Road, Sargodha",Pulmonologist / Lung Specialist
Asst. Prof. Dr. Aurangzeb Qureshi,SARGODHA,Orthopedic Surgeon,"Niazi Medical Complex Vip Block Hospital, Railway Road, Sargodha",Orthopedic Surgeon
Dr. Rizwan Arshad,SARGODHA,Orthopedic Surgeon,"Niazi Medical Complex Hospital, Club Road, Sargodha",Orthopedic Surgeon
Dr. Hafiz Atif Hayat Malik,SARGODHA,Orthopedic Surgeon,"Al Haram Medical Complex, Satellite Town, Sargodha",Orthopedic Surgeon
Asst. Prof. Dr. Abdul Basit Jamal,SARGODHA,Orthopedic Surgeon,No Address Available,Orthopedic Surgeon
Asst. Prof. Dr. Karam Rasool Basra,SARGODHA,Orthopedic Surgeon,"Mubarak Medical Complex (Jhal Chakian), Main Gujrat Road, Sargodha",Orthopedic Surgeon
Dr. Yasir U Din Hassan,SARGODHA,Orthopedic Surgeon,"Al Ghafoor Hospital, Bhera, Sargodha",Orthopedic Surgeon
Dr. Ali Ullah Ghauri,SARGODHA,Orthopedic Surgeon,"Kings Hospital, Faisalabad Road, Sargodha",Orthopedic Surgeon
Dr. Umar Nazir Minhas,SARGODHA,Orthopedic Surgeon,"Minhas Family Clinic (Dr. Umer Nazir Minhas), Sattelite Town, Sargodha",Orthopedic Surgeon
Dr. Badr-u-zaman Bhatti,SARGODHA,Orthopedic Surgeon,"Bhatti Medical Complex Hospital, Faislabad Rd, Sargodha",Orthopedic Surgeon
Dr. Nadeem Faraz,SARGODHA,Orthopedic Surgeon,"Fatima Nazir Memorial Hospital, University Road, Sargodha",Orthopedic Surgeon
Dr. Zulifqar Ali,SARGODHA,Orthopedic Surgeon,"Sarwar Hospital, Satellite Town, Sargodha",Orthopedic Surgeon
Dr. Sarwar Chaudhary,SARGODHA,Pediatrician,"Sarwar Hospital, Satellite Town, Sargodha",Pediatrician
Asst. Prof. Dr. Khurram Nawaz Warraich,SARGODHA,Pediatrician,"Ashraf Medical Center, Sargodha Road, Sargodha",Pediatrician
Prof. Dr. Muhammad Yaqoob,SARGODHA,Pediatrician,"Rai Medical Complex Hospital, Satellite Town, Sargodha",Pediatrician
Dr. Bilal Ahmed Lali,SARGODHA,Pediatrician,"Bilal Medicare (Dr Zareena Khaliq Hospital), Satellite Town, Sargodha",Pediatrician
Dr. Nadia Bashir,SARGODHA,Pediatrician,No Address Available,Pediatrician
Dr. Muhammad Bilal Sharif,SARGODHA,Pediatrician,"Saleem Hospital, Model Colony, Sargodha",Pediatrician
Dr. Shahid Rana,SARGODHA,Pediatrician,No Address Available,Pediatrician
Dr. Waqas Aslam,SARGODHA,Pediatrician,"Rafiqa Medical Hospital, Muslim Bazar, Sargodha",Pediatrician
Dr. Hafiz Aaqib Mehboob,SARGODHA,Pediatrician,No Address Available,Pediatrician
Dr. Syed Muhammad Danish Aslam,SARGODHA,Pediatrician,"Mubarak Medical Complex Hospital, Satellite Town, Sargodha",Pediatrician
Dr. Sidrah Yasmeen,SARGODHA,Pediatrician,No Address Available,Pediatrician
Dr. Shoaib Kamboh,SARGODHA,Pediatrician,"Dr Shoaib Children Clinic, punjab, Sargodha",Pediatrician
Dr. Zeeshan Ali Awan,SARGODHA,General Physician,"Home Visit (Sargodha Main City) Hospital, Sargodha, Sargodha",General Physician
Dr. Malik Mohsin,SARGODHA,"General Physician, Internal Medicine Specialist","Hayat Clinic, 27 Block, Sargodha","General Physician, Internal Medicine Specialist"
Dr. Muhammad Saeed Raza,SARGODHA,General Physician,No Address Available,General Physician
Dr. Bilal Habib,SARGODHA,General Physician,"Aziz Clinic &amp; Maternity Center, Chandni Chowk, Sargodha",General Physician
Dr. Muhammad Asim Sana,SARGODHA,General Physician,No Address Available,General Physician
Dr. Sami Ullah,SARGODHA,General Practitioner,No Address Available,General Practitioner
Dr. Jahanzeb,SARGODHA,General Physician,"Home Visit (Sargodha Main City) Hospital, Sargodha, Sargodha",General Physician
Dr. Muhammad Furqan Hussain Shah,SARGODHA,General Physician,No Address Available,General Physician
Dr. Hassan Ali Bhatti,SARGODHA,General Physician,"Abdullah Pharmacy Clinic, Lahore Road, Sargodha",General Physician
Dr. Abadullah Sajid Bashir,SARGODHA,General Physician,"Muhammad Medical Complex, Bhagtanwala, Sargodha",General Physician
Dr. Tariq Kamal,SARGODHA,General Physician,No Address Available,General Physician
Dr. Saima Hussain,SARGODHA,General Physician,No Address Available,General Physician
Dr. Muhammad Usman Javaid,SARGODHA,Nephrologist,"Central Hospital Sargodha, Stadium Road, Sargodha",Nephrologist
Dr. Ahsan Tanveer,SARGODHA,Nephrologist,"Niazi Medical Complex Vip Block Hospital, Railway Road, Sargodha",Nephrologist
Dr. Fazal Mehmood,SARGODHA,Eye Surgeon,"Fatima Hospital, University Road, Sargodha",Eye Surgeon
Dr. Bilal Qureshi,SARGODHA,Eye Surgeon,"Zaheer Laser Eye Centre, Satellite Town, Sargodha",Eye Surgeon
Prof. Dr. Bashir Ahmed,SARGODHA,Neuro Surgeon,"Niazi Medical Complex Hospital, Club Road, Sargodha",Neuro Surgeon
Dr. Asif Iqbal Rana,SARGODHA,Neuro Surgeon,"Niazi Medical Complex Hospital, Club Road, Sargodha",Neuro Surgeon
Dr. Sadaf Mushtaq,FAISALABAD,Dermatologist,"Dia Scient medical complex, Gulistan Colony, Faisalabad",Dermatologist
Dr. Aniqa Mahmood,FAISALABAD,Dermatologist,"Chugtai Medical Centre, Satiyana Road, Faisalabad",Dermatologist
Dr. Zunair Munir,FAISALABAD,Dermatologist,"Zunair Munir Hair Transplant and skin Laser, Samnabad, Faisalabad",Dermatologist
Dr. Sania Iram,FAISALABAD,Dermatologist,No Address Available,Dermatologist
Dr. Asma Kanwal,FAISALABAD,Dermatologist,"Rubina Memorial Hospital, Satyana Road, Faisalabad",Dermatologist
Dr. Naveed Akhtar Shaikh,FAISALABAD,"Dermatologist, Cosmetologist, Aesthetic Physician","Derma Care Skin and laser Clinic, Jaranwala Rd, Faisalabad","Dermatologist, Cosmetologist, Aesthetic Physician"
Dr. Eraj Mehreen Khan,FAISALABAD,Dermatologist,"Dermaline skin and laser clinic, People colony No 1, Faisalabad",Dermatologist
Dr. Sabahat Zaman,FAISALABAD,Dermatologist,"Rubina Memorial Hospital, Satyana Road, Faisalabad",Dermatologist
Dr. Filza Khalid,FAISALABAD,Dermatologist,"Skin Aesthetic and Laser Clinic, Peoples Colony No.2, Faisalabad",Dermatologist
Dr. Noreen Malik,FAISALABAD,Dermatologist,"Rathore Hospital, Lasani Town, Faisalabad",Dermatologist
Dr. Muhammad Usman,FAISALABAD,Dermatologist,No Address Available,Dermatologist
Dr. Farah Khurram,FAISALABAD,Dermatologist,"Faisal Hospital, Peoples Colony, Faisalabad",Dermatologist
Dr. Numan Akram,FAISALABAD,Neurologist,"The National Hospital, Gulberg Rd, Mohalla Guru Nanakpura, Gulberg, Faisalabad",Neurologist
Dr. Zaheer Ahmad,FAISALABAD,Neurologist,"Al Noor Hospital, Douglas pura, Faisalabad",Neurologist
Dr. Arslan Hassan Awan,FAISALABAD,Neurologist,"Chugtai medical Centre ., Satiana Road, Faisalabad",Neurologist
Dr. Umair Aziz,FAISALABAD,Neurologist,"Shifa International Hospital, Jaranwala Road, Faisalabad",Neurologist
Prof. Dr. Rahila Farhat Ch,FAISALABAD,Gynecologist,"Aziz Fatima Hospital, Gulistan Colony, Faisalabad",Gynecologist
Dr. Tehseen Yousuf,FAISALABAD,Gynecologist,No Address Available,Gynecologist
Dr. Sobia Shahid,FAISALABAD,Gynecologist,"Rubina Memorial Hospital, Satyana Road, Faisalabad",Gynecologist
Dr. Samina Haq,FAISALABAD,Gynecologist,"Anti age Hospital, Gulberg 2, Lahore",Gynecologist
Dr. Saba Tariq,FAISALABAD,Gynecologist,"Prime Care Hospital, Saeed Colony, Faisalabad",Gynecologist
Dr. Fouzia Saba,FAISALABAD,Gynecologist,"Saad Medical Complex, Peoples Colony, Faisalabad",Gynecologist
Dr. Rizwana Rizvi,FAISALABAD,Gynecologist,"Faisal Hospital, Peoples Colony, Faisalabad",Gynecologist
Dr. Rabia Irfan,FAISALABAD,Gynecologist,"Irfan Medical City, 569/B People’s colony, Faisalabad",Gynecologist
Dr. Sadia Ali,FAISALABAD,Gynecologist,"Saint Raphael Hospital, Sir Syed Town, Faisalabad",Gynecologist
Dr. Shaista Awan,FAISALABAD,Gynecologist,"Saahil Hospital, Sheikhupura Road, Faisalabad",Gynecologist
Dr. Shaista Jabeen,FAISALABAD,Gynecologist,No Address Available,Gynecologist
Dr. Aqsa Altaf,FAISALABAD,Gynecologist,No Address Available,Gynecologist
Dr. Ahkardar,FAISALABAD,"Urologist, Sexologist, Andrologist","Kardar Specialist Hospital, Jaranwala Road, Faisalabad","Urologist, Sexologist, Andrologist"
Asst. Prof. Dr. Imran Qadir,FAISALABAD,"Urologist, Sexologist, Andrologist, Pediatric Urologist","Qadir Medical Complex, people colony no 2, Faisalabad","Urologist, Sexologist, Andrologist, Pediatric Urologist"
Dr. Farhan Jamshed,FAISALABAD,Urologist,"Aziz Fatima Hospital, Gulistan Colony, Faisalabad",Urologist
Dr. Hafiz Saif Ur Rehman,FAISALABAD,"Urologist, Andrologist, Sexologist",No Address Available,"Urologist, Andrologist, Sexologist"
Assoc. Prof. Dr. Irfan Munir,FAISALABAD,"Urologist, Sexologist, Andrologist","Saad Medical Complex, Peoples Colony, Faisalabad","Urologist, Sexologist, Andrologist"
Dr. Hanan Noor,FAISALABAD,"Urologist, Sexologist, Andrologist","Saad Medical Complex, Peoples Colony, Faisalabad","Urologist, Sexologist, Andrologist"
Dr. Muhammad Sheraz Javed,FAISALABAD,"Urologist, Sexologist, Andrologist","Faisal Hospital, Peoples Colony, Faisalabad","Urologist, Sexologist, Andrologist"
Dr. Amir Imtiaz,FAISALABAD,Urologist,"Anwar Nazeer Medicare, Faisalabad, Faisalabad",Urologist
Dr. Mahmood Ul Hassan,FAISALABAD,Urologist,"Professors Hospital, Faislabad Rd, Faisalabad",Urologist
Dr. M.awais Ashraf,FAISALABAD,Urologist,"Shifa International Hospital, Jaranwala Road, Faisalabad",Urologist
Asst. Prof. Dr. Akram Malik,FAISALABAD,"Urologist, Andrologist, Sexologist","Mian Muhammad Trust Hospital, Near General Bus Stand, Faisalabad","Urologist, Andrologist, Sexologist"
Dr. Atiq Ur Rehman,FAISALABAD,Urologist,"Prime Care Hospital, Saeed Colony, Faisalabad",Urologist
Prof. Dr. Hafiz Mughees Ather,FAISALABAD,Gastroenterologist,"Dr Hafiz Mughees Ather Gastro Liver Center, New muslim town no 1, Faisalabad",Gastroenterologist
Dr. Inam Ul Haq,FAISALABAD,Gastroenterologist,"Saad Medical Complex, Peoples Colony, Faisalabad",Gastroenterologist
Prof. Dr. Masood Javed,FAISALABAD,Gastroenterologist,"Saad Medical Complex, Peoples Colony, Faisalabad",Gastroenterologist
Dr. Muhammad Waqas Qadri,FAISALABAD,Gastroenterologist,"Lahore Medical Complex (Jaranwala), Jaranwala, Faisalabad",Gastroenterologist
Dr. Javeria Komal,FAISALABAD,General Physician,"Health360 Hospital, East W Canal Rd, Faisalabad",General Physician
Dr. Muhammad Irfan,FAISALABAD,Gastroenterologist,"Chiniot General Hospital, Canal Block, Shadman Town, Faisalabad",Gastroenterologist
Dr. Abdul Shakoor,FAISALABAD,"Gastroenterologist, Internal Medicine Specialist, Endocrinologist, Diabetologist","Mujahid Hospital, Madina Town, Faisalabad","Gastroenterologist, Internal Medicine Specialist, Endocrinologist, Diabetologist"
Dr. Zaid Gul,FAISALABAD,Gastroenterologist,"Faisal Hospital (Faisalabad ), east canal road, Faisalabad",Gastroenterologist
Asst. Prof. Dr. Ahmad Farooq,FAISALABAD,Gastroenterologist,"Professors Hospital, Faislabad Rd, Faisalabad",Gastroenterologist
Dr. Zeeshan Javed,FAISALABAD,Gastroenterologist,"Chiniot General Hospital Jinnah Colony, Gurunank Pura, Faisalabad",Gastroenterologist
Asst. Prof. Dr. Kashif Nawaz,FAISALABAD,Gastroenterologist,"Aziz Fatima Hospital, Gulistan Colony, Faisalabad",Gastroenterologist
Dr. Umair Waheed Butt,FAISALABAD,Gastroenterologist,"Shafqat Poly Clinic, Millat Chowk, Faisalabad",Gastroenterologist
Dr. Awais Aslam,FAISALABAD,Pulmonologist / Lung Specialist,"Prime Diagnostic Centre, Toba Tek Singh, Faisalabad",Pulmonologist / Lung Specialist
Dr. Saif Ur Rahman,FAISALABAD,Pulmonologist / Lung Specialist,"Islamabad diagnostic centre ., Madina Town, Faisalabad",Pulmonologist / Lung Specialist
Dr. Muhammad Javed,FAISALABAD,Pulmonologist / Lung Specialist,"Mian Muhammad Trust Hospital, Near General Bus Stand, Faisalabad",Pulmonologist / Lung Specialist
Dr. Muhammad Zahid Iqbal,FAISALABAD,Pulmonologist / Lung Specialist,"Sadiq Medical Hospital, Gulistan Colony, Faisalabad",Pulmonologist / Lung Specialist
Dr. Bashir Ahmed,FAISALABAD,Pulmonologist / Lung Specialist,"Faisal Hospital, Peoples Colony, Faisalabad",Pulmonologist / Lung Specialist
Dr. Talat Mahmood Butt,FAISALABAD,Pulmonologist / Lung Specialist,"Faisal Hospital, Peoples Colony, Faisalabad",Pulmonologist / Lung Specialist
Dr. Hafiz Sikandar Hayaat,FAISALABAD,Pulmonologist / Lung Specialist,"Al Noor Hospital, Douglas pura, Faisalabad",Pulmonologist / Lung Specialist
Dr. Usama Bin Saeed,FAISALABAD,Orthopedic Surgeon,"ABWA Executive Clinics, east canal road, Faisalabad",Orthopedic Surgeon
Dr. Muhammad Adeel Javed,FAISALABAD,Orthopedic Surgeon,"Al Noor Hospital, Douglas pura, Faisalabad",Orthopedic Surgeon
Asst. Prof. Dr. Farhan Sarwar,FAISALABAD,Orthopedic Surgeon,"Faisal Hospital, Peoples Colony, Faisalabad",Orthopedic Surgeon
Asst. Prof. Dr. Khurram Habib,FAISALABAD,Orthopedic Surgeon,"Faisal Hospital, Peoples Colony, Faisalabad",Orthopedic Surgeon
Dr. Ar Hassan,FAISALABAD,Orthopedic Surgeon,"Al Barkat Hospital, Jhang Road, Faisalabad",Orthopedic Surgeon
Dr. Farhad Alam,FAISALABAD,Orthopedic Surgeon,"Saad Medical Complex, Peoples Colony, Faisalabad",Orthopedic Surgeon
Asst. Prof. Dr. Imran Nausher,FAISALABAD,Orthopedic Surgeon,"Kkt International Orthopedic Spine Center, Faisalabad, 38000, Faisalabad",Orthopedic Surgeon
Dr. Shahbaz Qayyum,FAISALABAD,Orthopedic Surgeon,"Chugtai Medical Centre, Satiyana Road, Faisalabad",Orthopedic Surgeon
Dr. Muhammad Yousof Iqbal,FAISALABAD,Orthopedic Surgeon,"Begham Iqbal Clinic, Rabbani Colony, Faisalabad",Orthopedic Surgeon
Dr. Fida Hussain Awan,FAISALABAD,Orthopedic Surgeon,"Doctors Medical and Diagnostic Complex, - Sargodha Rd, Faisalabad",Orthopedic Surgeon
Dr. Usman Akmal,FAISALABAD,Orthopedic Surgeon,"Rathore Hospital, Lasani Town, Faisalabad",Orthopedic Surgeon
Dr. Shahid Ayyoub,FAISALABAD,Orthopedic Surgeon,No Address Available,Orthopedic Surgeon
Asst. Prof. Dr. Iram Javed,FAISALABAD,"Pediatric Neuro Physician, Pediatrician","Ibrahim Specialist Clinic, Canal Rd, Faisalabad","Pediatric Neuro Physician, Pediatrician"
Dr. Junaid Ahmed,FAISALABAD,"Pediatric Nephrologist, Pediatrician","Faisal Hospital, Peoples Colony, Faisalabad","Pediatric Nephrologist, Pediatrician"
Asst. Prof. Dr. Jaweria Masood,FAISALABAD,Pediatrician,"Dr. Shahid Ahmed Heera Clinic, Peoples Colony 1, Faisalabad",Pediatrician
Dr. Wasif Iqbal,FAISALABAD,Pediatrician,"Mujahid Hospital, Madina Town, Faisalabad",Pediatrician
Dr. Muhammad Azeem Tahir Azeemi,FAISALABAD,"Family Medicine, Andrologist, Pediatrician","Ahmad Specialist Clinic, partaab nagar, Faisalabad","Family Medicine, Andrologist, Pediatrician"
Dr. Muhammad Irfan,FAISALABAD,Pediatrician,"Ishaque Memorial Children Clinic, Khurrianwala, Faisalabad",Pediatrician
Dr. Muhammad Tufail,FAISALABAD,Pediatrician,"Farooq Medical Complex, punjab, Faisalabad",Pediatrician
Dr. Ayesha Ghaffar,FAISALABAD,Pediatrician,"Sims Polyclinic and Diagnostic Center, Wapda City, Faisalabad",Pediatrician
Dr. Hussnain Ashfaq,FAISALABAD,Pediatrician,"Dr Hussnain Ashfaq (child specialist) Children care clinic, Samnabad, Faisalabad",Pediatrician
Asst. Prof. Dr. Nagina Shahzadi Gold Medalist,FAISALABAD,"Pediatrician, Pediatric Gastroenterologist, Hepatologist, Clinical Nutritionist","Faisal Hospital, Peoples Colony, Faisalabad","Pediatrician, Pediatric Gastroenterologist, Hepatologist, Clinical Nutritionist"
Dr. Mohammad Fahim Ur Rehman,FAISALABAD,"Pediatrician, Pediatric Oncologist and Hematologist","Dr Mohammad Fahim Ur Rehman, Peoples Colony, Faisalabad","Pediatrician, Pediatric Oncologist and Hematologist"
Dr. Sara Khalid,FAISALABAD,Pediatrician,"Dr. Sara clinic, Faisalabad, Faisalabad",Pediatrician
Dr. M Mujeeb Ur Rehman,FAISALABAD,General Physician,"Hussainia Dispensary, Nazimabad, Faisalabad",General Physician
Dr. Sarosh Fatima,FAISALABAD,Dermatologist,No Address Available,Dermatologist
Dr. Waqar Chaudhary,FAISALABAD,General Physician,No Address Available,General Physician
Dr. Usama Ismail Awan,FAISALABAD,General Physician,"Rachna Poly Cinic, Satiana Road, Faisalabad",General Physician
Dr. Sarah Hafeez,FAISALABAD,General Physician,No Address Available,General Physician
Dr. Muhammed Shahnawaz,FAISALABAD,General Physician,"Chawla Medical Center, Samundri, Faisalabad",General Physician
Dr. Fakhar Iqbal,FAISALABAD,General Physician,No Address Available,General Physician
Dr. Waqas Ahmed,FAISALABAD,General Physician,No Address Available,General Physician
Dr. Saad Arif,FAISALABAD,General Physician,No Address Available,General Physician
Dr. Arslan Khalid,FAISALABAD,Internal Medicine Specialist,No Address Available,Internal Medicine Specialist
Dr. Imran Shaukat,FAISALABAD,Cardiologist,No Address Available,Cardiologist
Dr. Basim Fraz Jami,FAISALABAD,General Physician,No Address Available,General Physician
Dr. Muhammad Usman,FAISALABAD,Nephrologist,"Faisal Hospital, Peoples Colony, Faisalabad",Nephrologist
Asst. Prof. Dr. Muhammad Wasif Baig,FAISALABAD,Nephrologist,"Islamabad Diagnostic Center, Main Satiana Rd, Faisalabad",Nephrologist
Dr. Ahkardar,FAISALABAD,"Urologist, Sexologist, Andrologist","Kardar Specialist Hospital, Jaranwala Road, Faisalabad","Urologist, Sexologist, Andrologist"
Asst. Prof. Dr. Imran Qadir,FAISALABAD,"Urologist, Sexologist, Andrologist, Pediatric Urologist","Qadir Medical Complex, people colony no 2, Faisalabad","Urologist, Sexologist, Andrologist, Pediatric Urologist"
Dr. Hafiz Saif Ur Rehman,FAISALABAD,"Urologist, Andrologist, Sexologist",No Address Available,"Urologist, Andrologist, Sexologist"
Assoc. Prof. Dr. Irfan Munir,FAISALABAD,"Urologist, Sexologist, Andrologist","Saad Medical Complex, Peoples Colony, Faisalabad","Urologist, Sexologist, Andrologist"
Dr. Hanan Noor,FAISALABAD,"Urologist, Sexologist, Andrologist","Saad Medical Complex, Peoples Colony, Faisalabad","Urologist, Sexologist, Andrologist"
Dr. Muhammad Sheraz Javed,FAISALABAD,"Urologist, Sexologist, Andrologist","Faisal Hospital, Peoples Colony, Faisalabad","Urologist, Sexologist, Andrologist"
Asst. Prof. Dr. Naveed Babar,FAISALABAD,Sexologist,No Address Available,Sexologist
Dr. Zahid Iqbal,FAISALABAD,Sexologist,"Faisal Hospital, Peoples Colony, Faisalabad",Sexologist
Asst. Prof. Dr. Akram Malik,FAISALABAD,"Urologist, Andrologist, Sexologist","Mian Muhammad Trust Hospital, Near General Bus Stand, Faisalabad","Urologist, Andrologist, Sexologist"
Asst. Prof. Dr. Hafiz Sajjad Hyder Chatha,FAISALABAD,Ent Specialist,"Tariq Orthopedic Trauma Center, Gulistan Colony, Faisalabad",Ent Specialist
Dr. Awais Ansari,FAISALABAD,"Ent Surgeon, Ent Specialist","Aziz Fatima Hospital, Gulistan Colony, Faisalabad","Ent Surgeon, Ent Specialist"
Dr. Faran Sarwar,FAISALABAD,Ent Specialist,No Address Available,Ent Specialist
Dr. Mshahid,FAISALABAD,Ent Specialist,"Professors Hospital, Satiana Road, Faisalabad",Ent Specialist
Dr. Mubizah Haider,FAISALABAD,Ent Specialist,"Al- Hani Clinic, Jhang Road, Faisalabad",Ent Specialist
Dr. Muhammad Saleem,FAISALABAD,Ent Specialist,"Faisal Hospital, Peoples Colony, Faisalabad",Ent Specialist
Dr. Muhammad Hassan Nadeem,FAISALABAD,Eye Surgeon,"Nadeem Eye And Skin Care Hospital, Quaid-e-Azam Rd, Gojra",Eye Surgeon
Dr. Abdul Manaaf,FAISALABAD,Eye Surgeon,"Mian Muhammad Trust Hospital, Near General Bus Stand, Faisalabad",Eye Surgeon
Dr. Tahir Razzaq,FAISALABAD,Eye Surgeon,"Amna Jamal Eye Center, Afghanabad, Faisalabad",Eye Surgeon
Dr. Muhammad Sultan,FAISALABAD,Eye Surgeon,"Saahil Hospital, Sheikhupura Road, Faisalabad",Eye Surgeon
Dr. Mian Awais,FAISALABAD,"Neuro Surgeon, Spinal Surgeon","Saad Medicare Clinic, Rajana Road, Toba Tek Singh","Neuro Surgeon, Spinal Surgeon"
Dr. Muhammad Salman Ali Khan,FAISALABAD,Neuro Surgeon,"Chiniot General Hospital Jinnah Colony, Gurunank Pura, Faisalabad",Neuro Surgeon
Dr. Muhammad Abdur Rehman,FAISALABAD,Neuro Surgeon,"Mujahid Hospital, Madina Town, Faisalabad",Neuro Surgeon
Dr. Fahad Pervaiz,FAISALABAD,Neuro Surgeon,"Hajra Kareem Hospital, Batala Colony, Faisalabad",Neuro Surgeon
Dr. Taimoor Anwar,FAISALABAD,Neuro Surgeon,"Shifa International Hospital, Jaranwala Road, Faisalabad",Neuro Surgeon
Dr. Muhammad Jahanzeb,FAISALABAD,Neuro Surgeon,No Address Available,Neuro Surgeon
Dr. Muhammad Saqlain,FAISALABAD,Neuro Surgeon,No Address Available,Neuro Surgeon
Dr. Hafiz Muhammad Junaid,FAISALABAD,Neuro Surgeon,"Siddiq Medical Complex Hospital, Gulistan Colony, Faisalabad",Neuro Surgeon
Dr. Naazir Hussain,FAISALABAD,Neuro Surgeon,"Mian Muhammad Trust Hospital, Near General Bus Stand, Faisalabad",Neuro Surgeon
Dr. Muhammad Faizan Riaz,FAISALABAD,Neuro Surgeon,"Allied Hospital, Jail Road, Faisalabad",Neuro Surgeon
Dr. Professor Brigadier Asher Ahmed,ISLAMABAD,Dermatologist,"Cosmetic Contouring Clinic, G8 Markaz, Islamabad",Dermatologist
Dr. Malik Aftab Afzal,ISLAMABAD,Dermatologist,"Aesthetics Lounge (F 11), Islamabad, Islamabad",Dermatologist
Dr. Muhammad Yaqoob,ISLAMABAD,Dermatologist,"Azeem memorial health care, nawaz kiyani road sector i-14/4, Islamabad",Dermatologist
Dr. Seemal Akram,ISLAMABAD,Dermatologist,"Rai Medical Complex Hospital, Satellite Town, Sargodha",Dermatologist
Dr. Farzana Abdullah,ISLAMABAD,Dermatologist,"Cosmetico Clinic, F-6, Islamabad",Dermatologist
Dr. Yusra Shabbir,ISLAMABAD,Dermatologist,"Zobia Hospital, G9, Islamabad",Dermatologist
Dr. Usman Haider,ISLAMABAD,Dermatologist,"Care+ Medical Center, G-8 Markaz, Islamabad",Dermatologist
Dr. Khalid Aslam,ISLAMABAD,Dermatologist,"Skin Care Clinic, Dha phase 2, Islamabad",Dermatologist
Dr. Ayesha Tariq,ISLAMABAD,"Dermatologist, Aesthetic Physician","AT Skin &amp; Aesthetic Clinic, Phase 7 Bahria Town, Islamabad","Dermatologist, Aesthetic Physician"
Dr. Shumaila Jawed,ISLAMABAD,Dermatologist,"Southeast Hospital, PWD, Rawalpindi",Dermatologist
Dr. Huma Afzal Shaikh,ISLAMABAD,Dermatologist,"GSR diagnostics and clinics, maulana Fazl-e-Haq road, Islamabad",Dermatologist
Dr. Nousheen Rizwan,ISLAMABAD,Dermatologist,"Dermaplast Skin &amp; Aesthetic Clinic, F-11, Islamabad",Dermatologist
Asst. Prof. Dr. Ghulam Mujtaba,ISLAMABAD,Neurologist,"Maxhealth Hospital, 12-K Markaz Rd, G-8, Islamabad",Neurologist
Dr. Husnain Hashim,ISLAMABAD,Neurologist,"Prof Tariq Memorial Neuro Clinic, Sector G, Islamabad",Neurologist
Dr. Rao Suhail Yaseen Khan,ISLAMABAD,Neurologist,"Advanced International Hospital, G-8 Markaz, Islamabad",Neurologist
Prof. Dr. Iftikhar Khawaja,ISLAMABAD,Neurologist,No Address Available,Neurologist
Dr. Soban Khan,ISLAMABAD,Neurologist,No Address Available,Neurologist
Dr. Bushra Khalid,ISLAMABAD,Neurologist,No Address Available,Neurologist
Dr. Malik Ehsan,ISLAMABAD,Neurologist,"Care+ Medical Center, G-8 Markaz, Islamabad",Neurologist
Dr. Sajid Khan,ISLAMABAD,Neurologist,No Address Available,Neurologist
Dr. Iqra Athar,ISLAMABAD,Neurologist,"PAF Hospital Islamabad Unit 2, Main Margalla Rd, E-9/1, Islamabad",Neurologist
Dr. Anum Irfan Abbasi,ISLAMABAD,Neurologist,"Maroof International Hospital, F-10/3 Markaz, Islamabad",Neurologist
Dr. Mansoor Iqbal Ch,ISLAMABAD,Neurologist,"Maroof International Hospital, F-10/3 Markaz, Islamabad",Neurologist
Dr. Muhammad Amjad,ISLAMABAD,Neurologist,"Shifa International Hospital Ltd., H-8/4, Islamabad",Neurologist
Prof. Dr. Umber Jalil Bakhtiar,ISLAMABAD,Gynecologist,"Abrar Surgery Hospital, Cantt, Rawalpindi",Gynecologist
Dr. Hina Nadeem,ISLAMABAD,Gynecologist,"Advanced International Hospital, G-8 Markaz, Islamabad",Gynecologist
Prof. Dr. Shumaila Tanveer,ISLAMABAD,Gynecologist,"Quaid-E-Azam International Hospital, Main Peshawar Road, Islamabad",Gynecologist
Dr. Asma Khan,ISLAMABAD,Gynecologist,"Anwar Capital Hospital, Islamabad Capital Territory, Islamabad",Gynecologist
Assoc. Prof. Dr. Maj R Tehmina Rehman,ISLAMABAD,Gynecologist,"Maroof International Hospital, F-10/3 Markaz, Islamabad",Gynecologist
Assoc. Prof. Dr. Lt Col R Sadia Arif,ISLAMABAD,Gynecologist,"Islamabad Gynae Centre, Blue Area, Islamabad",Gynecologist
Assoc. Prof. Dr. Ayesha Basharat,ISLAMABAD,Gynecologist,"Pakistan Surgical Centre, Islamabad, Islamabad",Gynecologist
Prof. Dr. Ghazala Sadiq,ISLAMABAD,Gynecologist,"Al Sadiq –Saad Shaheed Hospital, Near IIMS, Rawalpindi",Gynecologist
Dr. Maria Athar,ISLAMABAD,Gynecologist,"Sarf Hospital, F-10, Islamabad",Gynecologist
Dr. Samina Arshad,ISLAMABAD,Gynecologist,"Quest Medical Complex, G-8 Markaz, Islamabad",Gynecologist
Dr. Shabana Shoukat,ISLAMABAD,Gynecologist,"Temar Diagnostics &amp; Medical Center, Near Haidery Chowk, Rawalpindi",Gynecologist
Dr. Ghazala Bashir,ISLAMABAD,Gynecologist,"Hashmi Medical &amp; ICSI Centre, G-11 Markaz, Islamabad",Gynecologist
Dr. Aftab Ali Malik,ISLAMABAD,"Urologist, Sexologist, Andrologist","Urology Clinic, Blue Area, Islamabad","Urologist, Sexologist, Andrologist"
Dr. Hassan Mansoor,ISLAMABAD,Urologist,No Address Available,Urologist
Prof. Dr. Salman Ahmed Tipu,ISLAMABAD,"Urologist, Sexologist, Andrologist","Executive Clinics &amp; Pharmacy, bahria town, Islamabad","Urologist, Sexologist, Andrologist"
Dr. Arzu Yousuf,ISLAMABAD,Urologist,"Al khidmat raazi hospital, Chandni Chowk, Rawalpindi",Urologist
Dr. Muhammad Akram Kumbhar,ISLAMABAD,"Urologist, Sexologist",No Address Available,"Urologist, Sexologist"
Dr. Adee Hussain,ISLAMABAD,Urologist,"Medicsi 3 Hospital, Bahria Town, Rawalpindi",Urologist
Dr. Ahmed Sajjad,ISLAMABAD,"Urologist, Sexologist, Andrologist","Medcity International Hospital, F-8, Islamabad","Urologist, Sexologist, Andrologist"
Dr. Saadat Hashmi,ISLAMABAD,Urologist,"Maryam Memorial Hospital, Afzal Town, Rawalpindi",Urologist
Prof. Dr. Musharaf Ali Khan,ISLAMABAD,Urologist,"Maxhealth Hospital, 12-K Markaz Rd, G-8, Islamabad",Urologist
Dr. Hina Anwar,ISLAMABAD,Urologist,"Sarf Hospital, F-10, Islamabad",Urologist
Assoc. Prof. Dr. Amer Abbas,ISLAMABAD,Urologist,"GSR diagnostics and clinics, maulana Fazl-e-Haq road, Islamabad",Urologist
Dr. Fayyaz H Ali Bangash,ISLAMABAD,"Urologist, Sexologist, Andrologist","Care+ Medical Center, G-8 Markaz, Islamabad","Urologist, Sexologist, Andrologist"
Asst. Prof. Dr. Hafiz Mohammad Zubair,ISLAMABAD,"Internal Medicine Specialist, Gastroenterologist, Diabetologist","Zobia Hospital, Sector G, Islamabad","Internal Medicine Specialist, Gastroenterologist, Diabetologist"
Dr. Imran Yousaf,ISLAMABAD,"Gastroenterologist, Hepatologist","Life Care International Hospital, G-10 Markaz, Islamabad","Gastroenterologist, Hepatologist"
Prof. Dr. Qurratulain Hyder,ISLAMABAD,Gastroenterologist,"Care+ Medical Center, G-8 Markaz, Islamabad",Gastroenterologist
Dr. Hyder Abbasi,ISLAMABAD,Gastroenterologist,"Care plus, G 8/4 G-8, Islamabad",Gastroenterologist
Dr. Muhammad Omar Qureshi,ISLAMABAD,Gastroenterologist,"Ali Medical Centre, F-8 Markaz, Islamabad",Gastroenterologist
Prof. Dr. Inayat Adil,ISLAMABAD,Gastroenterologist,"Gut Care Hospital, Blue Area G-7, Islamabad",Gastroenterologist
Dr. Wajid Hussain,ISLAMABAD,Gastroenterologist,"Islamabad Diagnostic Center (PWD Branch), Main PWD Rd, Islamabad",Gastroenterologist
Prof. Dr. Rooh Ul Amin Durrani,ISLAMABAD,"Gastroenterologist, Pulmonologist / Lung Specialist, Rehabilitation Medicine","Capital Diagnostic Center, G-8, Islamabad","Gastroenterologist, Pulmonologist / Lung Specialist, Rehabilitation Medicine"
Dr. Anum Abbas,ISLAMABAD,Gastroenterologist,No Address Available,Gastroenterologist
Dr. Aqsa Naseer,ISLAMABAD,"Gastroenterologist, Hepatologist","Care+ Medical Center, G-8 Markaz, Islamabad","Gastroenterologist, Hepatologist"
Dr. Irfan,ISLAMABAD,Gastroenterologist,"Zobia Hospital, Sector G, Islamabad",Gastroenterologist
Asst. Prof. Dr. Sultan Zeb Khan,ISLAMABAD,"Gastroenterologist, Hepatologist",No Address Available,"Gastroenterologist, Hepatologist"
Asst. Prof. Dr. Sajjad Naseer,ISLAMABAD,"Pulmonologist / Lung Specialist, General Physician","Islamabad Specialist Clinic F8 Markaz, Sector F, Islamabad","Pulmonologist / Lung Specialist, General Physician"
Dr. Imtiaz Piracha,ISLAMABAD,Pulmonologist / Lung Specialist,"Capital Diagnostic Centre (Blue Area), Blue Area G-7, Islamabad",Pulmonologist / Lung Specialist
Dr. Muhammad Salman,ISLAMABAD,"Internal Medicine Specialist, General Physician, Pulmonologist / Lung Specialist, Diabetologist, Family Medicine","Maxhealth Hospital, 12-K Markaz Rd, G-8, Islamabad","Internal Medicine Specialist, General Physician, Pulmonologist / Lung Specialist, Diabetologist, Family Medicine"
Dr. Nihal Azhar,ISLAMABAD,Pulmonologist / Lung Specialist,"Azhar Chest Clinic, G-10, Islamabad",Pulmonologist / Lung Specialist
Dr. Muhammad Israr,ISLAMABAD,Pulmonologist / Lung Specialist,"Advanced International Hospital, G-8 Markaz, Islamabad",Pulmonologist / Lung Specialist
Prof. Dr. Rooh Ul Amin Durrani,ISLAMABAD,"Gastroenterologist, Pulmonologist / Lung Specialist, Rehabilitation Medicine","Capital Diagnostic Center, G-8, Islamabad","Gastroenterologist, Pulmonologist / Lung Specialist, Rehabilitation Medicine"
Dr. Asad Ullah Nemati,ISLAMABAD,Pulmonologist / Lung Specialist,"HM Diagnostic Center, G-8, Islamabad",Pulmonologist / Lung Specialist
Dr. Hafeez Ur Rehman,ISLAMABAD,"Medical Specialist, Pulmonologist / Lung Specialist, Diabetologist","MedOne HealthCare, I-8, Islamabad","Medical Specialist, Pulmonologist / Lung Specialist, Diabetologist"
Dr. Munawar Khan Masood,ISLAMABAD,Pulmonologist / Lung Specialist,"Care+ Medical Center, G-8 Markaz, Islamabad",Pulmonologist / Lung Specialist
Dr. Rizwan Athar,ISLAMABAD,Pulmonologist / Lung Specialist,"Islamabad International Hospital &amp; Research Center, Sector E, Islamabad",Pulmonologist / Lung Specialist
Dr. Qaiser Niazi,ISLAMABAD,"Pulmonologist / Lung Specialist, Internal Medicine Specialist",No Address Available,"Pulmonologist / Lung Specialist, Internal Medicine Specialist"
Dr. Shakir Ullah,ISLAMABAD,Pulmonologist / Lung Specialist,"Haris Family Hospital, Shamas Colony, Islamabad",Pulmonologist / Lung Specialist
Prof. Dr. Nasim Ul Majeed,ISLAMABAD,Orthopedic Surgeon,"U Health International Hospital, DHA, Islamabad",Orthopedic Surgeon
Dr. Auon Shabbir Khan Niazi,ISLAMABAD,Orthopedic Surgeon,"Al Suffah Hospital, Satellite Town, Rawalpindi",Orthopedic Surgeon
Dr. Altaf Hussain Shah,ISLAMABAD,"Orthopedic Surgeon, Pain Specialist","Dr. Altaf Hussain Shah Orthopedic Surgeon, Blue Area, Islamabad","Orthopedic Surgeon, Pain Specialist"
Dr. Bilal Razzaq,ISLAMABAD,Orthopedic Surgeon,"Pims Hospital, Sector G, Islamabad",Orthopedic Surgeon
Dr. Moghees Ikram,ISLAMABAD,Orthopedic Surgeon,"Life Care International Hospital, G-10 Markaz, Islamabad",Orthopedic Surgeon
Dr. Abdul Basit,ISLAMABAD,Orthopedic Surgeon,"Islamabad Specialist Clinic, F-8, Islamabad",Orthopedic Surgeon
Dr. Sohail Rehman,ISLAMABAD,Orthopedic Surgeon,"Quest Medical Complex, G-8 Markaz, Islamabad",Orthopedic Surgeon
Dr. Aamar Munir,ISLAMABAD,Orthopedic Surgeon,"PAF Hospital, E-9/1, Islamabad",Orthopedic Surgeon
Dr. Umar Zia Khan,ISLAMABAD,Orthopedic Surgeon,"PAF Hospital Islamabad Unit 2, Main Margalla Rd, E-9/1, Islamabad",Orthopedic Surgeon
Prof. Dr. Sohail Iqbal Sheikh,ISLAMABAD,Orthopedic Surgeon,No Address Available,Orthopedic Surgeon
Dr. Mustafa Javed,ISLAMABAD,Orthopedic Surgeon,"Maroof International Hospital, F-10/3 Markaz, Islamabad",Orthopedic Surgeon
Dr. Hussain Wahab,ISLAMABAD,Orthopedic Surgeon,"Rawalpindi International Hospital, Satellite Town, Rawalpindi",Orthopedic Surgeon
Dr. Abrar Ul Haq Satti,ISLAMABAD,Pediatrician,"Rawal Institute Of Health Sciences Hospital, Khanapul, Islamabad",Pediatrician
Dr. Javed Iqbal Sheikh,ISLAMABAD,Pediatrician,"Iqbal Medical Centre, Sattelite Town, Rawalpindi",Pediatrician
Prof. Dr. Col Muhammad Afzal,ISLAMABAD,Pediatrician,"Jinnah Memorial Hospital, Cantt, Rawalpindi",Pediatrician
Dr. Junaid Jahangir Abbasi,ISLAMABAD,Pediatrician,"Dr Junaid Jahangir Clinic, Margalla Town, Islamabad",Pediatrician
Dr. Abdul Wahab Siddique,ISLAMABAD,Pediatrician,"Naqaish Medicare, I-8, Islamabad",Pediatrician
Dr. Hira Javed,ISLAMABAD,General Practitioner,"Nazeer Hospital, Near Maryam memorial hospital, Rawalpindi",General Practitioner
Dr. Irshad Hussain,ISLAMABAD,"Pediatrician, Neonatologist","Ali Hospital, G-9, Islamabad","Pediatrician, Neonatologist"
Dr. Qaiser Malik Awan,ISLAMABAD,Pediatrician,"HM Diagnostic Center, G-8, Islamabad",Pediatrician
Asst. Prof. Dr. Muqadar Shah,ISLAMABAD,Pediatrician,"Well Med Clinic &amp; Vccination Centre, G-11 Markaz, Islamabad",Pediatrician
Assoc. Prof. Dr. Gulbin Shahid,ISLAMABAD,Pediatrician,"Islamabad Specialist Clinic, F-8, Islamabad",Pediatrician
Assoc. Prof. Dr. Colrtd Sohail Aslam,ISLAMABAD,Pediatrician,"Southeast Hospital, PWD, Rawalpindi",Pediatrician
Dr. Amina Marriam,ISLAMABAD,Pediatrician,No Address Available,Pediatrician
Asst. Prof. Dr. Sajjad Naseer,ISLAMABAD,"Pulmonologist / Lung Specialist, General Physician","Islamabad Specialist Clinic F8 Markaz, Sector F, Islamabad","Pulmonologist / Lung Specialist, General Physician"
Asst. Prof. Dr. Naveed Aslam Lashari,ISLAMABAD,"General Physician, Rheumatologist, Diabetologist, Medical Specialist","PAF Hospital Islamabad Unit 2, Main Margalla Rd, E-9/1, Islamabad","General Physician, Rheumatologist, Diabetologist, Medical Specialist"
Dr. Muhammad Salman,ISLAMABAD,"Internal Medicine Specialist, General Physician, Pulmonologist / Lung Specialist, Diabetologist, Family Medicine","Maxhealth Hospital, 12-K Markaz Rd, G-8, Islamabad","Internal Medicine Specialist, General Physician, Pulmonologist / Lung Specialist, Diabetologist, Family Medicine"
Dr. Anum Abdullah,ISLAMABAD,General Physician,No Address Available,General Physician
Dr. Mateen Pervaiz,ISLAMABAD,General Physician,No Address Available,General Physician
Dr. Asad Abbas Shah,ISLAMABAD,General Physician,"KRL Hospital, Sector G-9/1, Islamabad",General Physician
Dr. Faiza Rehman,ISLAMABAD,Gynecologist,"ISRAR Medical Center Yarhussain, KPK, Swabi",Gynecologist
Dr. Arfaat Siraj,ISLAMABAD,General Physician,"Riphah International Hospital, DHA phase 5, Islamabad",General Physician
Dr. Waseem Iqbal,ISLAMABAD,"General Physician, Infectious Diseases, Diabetologist, Nutritionist",No Address Available,"General Physician, Infectious Diseases, Diabetologist, Nutritionist"
Dr. Bilal Firdaus Khan,ISLAMABAD,General Physician,"Firdaus Family Clinic, DHA, Islamabad",General Physician
Dr. Zeeshan Junejo,ISLAMABAD,General Physician,No Address Available,General Physician
Dr. Abdul Aziz,ISLAMABAD,General Physician,No Address Available,General Physician
Assoc. Prof. Dr. Jaiis Kumar,ISLAMABAD,Nephrologist,"City Care Hospital (Mother, Child Health &amp; Diagnostic Centre), Saidpur Road 4-B Satellite town, Rawalpindi",Nephrologist
Dr. Novara Fatima,ISLAMABAD,Nephrologist,No Address Available,Nephrologist
Dr. Kishore Kumar,ISLAMABAD,Nephrologist,No Address Available,Nephrologist
Dr. Shafqat Hussain Sheikh,ISLAMABAD,Nephrologist,"Gulberg Medical Center, Gulberg Greens Koral Town, Islamabad",Nephrologist
Dr. Moazzam Ayub,ISLAMABAD,Nephrologist,"Bahria Town Hospital, Bahria town, Islamabad",Nephrologist
Dr. Muhammad Kashif Khan,ISLAMABAD,Nephrologist,"Advanced International Hospital, G-8 Markaz, Islamabad",Nephrologist
Asst. Prof. Dr. Armughan Ahmed,ISLAMABAD,Nephrologist,"Advanced International Hospital, G-8 Markaz, Islamabad",Nephrologist
Prof. Dr. Syed Sohail Tanvir,ISLAMABAD,Nephrologist,"Islamabad Specialist Clinic F8 Markaz, Sector F, Islamabad",Nephrologist
Dr. Humayun Rashid,ISLAMABAD,Nephrologist,"Life Care International Hospital, G-10 Markaz, Islamabad",Nephrologist
Prof. Dr. Syed Mohsin Naveed,ISLAMABAD,"Nephrologist, Kidney Transplant Specialist, Medical Specialist","Islamabad Afternoon Clinic, F8 Markaz, Islamabad","Nephrologist, Kidney Transplant Specialist, Medical Specialist"
Dr. Khawar Sultan,ISLAMABAD,Nephrologist,"Maxhealth Hospital, 12-K Markaz Rd, G-8, Islamabad",Nephrologist
Dr. Muhammad Ramzan,ISLAMABAD,Nephrologist,"Saeed International Hospital, G-8 Markaz, Islamabad",Nephrologist
Dr. Imran Sheikh,ISLAMABAD,Sexologist,"HairDoc Hair Transplant Clinic, I-8, Islamabad",Sexologist
Dr. Aftab Ali Malik,ISLAMABAD,"Urologist, Sexologist, Andrologist","Urology Clinic, Blue Area, Islamabad","Urologist, Sexologist, Andrologist"
Prof. Dr. Salman Ahmed Tipu,ISLAMABAD,"Urologist, Sexologist, Andrologist","Executive Clinics &amp; Pharmacy, bahria town, Islamabad","Urologist, Sexologist, Andrologist"
Dr. Azimullah Asif Goraya,ISLAMABAD,Sexologist,"Dr Azimullah Clinic, G-9, Islamabad",Sexologist
Dr. Muhammad Akram Kumbhar,ISLAMABAD,"Urologist, Sexologist",No Address Available,"Urologist, Sexologist"
Dr. Ahmed Sajjad,ISLAMABAD,"Urologist, Sexologist, Andrologist","Medcity International Hospital, F-8, Islamabad","Urologist, Sexologist, Andrologist"
Dr. Fayyaz H Ali Bangash,ISLAMABAD,"Urologist, Sexologist, Andrologist","Care+ Medical Center, G-8 Markaz, Islamabad","Urologist, Sexologist, Andrologist"
Dr. Kashif Bangash,ISLAMABAD,"Urologist, Sexologist, Andrologist","Life Care International Hospital, G-10 Markaz, Islamabad","Urologist, Sexologist, Andrologist"
Dr. Ajmal Osman,ISLAMABAD,"Medical Specialist, Sexologist, Diabetologist","Fatima Clinic, F-10, Islamabad","Medical Specialist, Sexologist, Diabetologist"
Dr. Irfan Ahmed Jamal,ISLAMABAD,"Urologist, Sexologist, Andrologist","Life Care International Hospital, G-10 Markaz, Islamabad","Urologist, Sexologist, Andrologist"
Dr. Faisal Rauf,ISLAMABAD,"Endourologist, Sexologist, Andrologist","Islamabad International Hospital &amp; Research Center, Sector E, Islamabad","Endourologist, Sexologist, Andrologist"
Dr. Ehsan Ul Haque,ISLAMABAD,"Urologist, Sexologist, Andrologist","Abid Hospital, Blue Area G-7, Islamabad","Urologist, Sexologist, Andrologist"
Prof. Dr. R Brigadier Amer Sabih Hydri,ISLAMABAD,"Ent Specialist, Ent Surgeon, Ent Specialist","Nelson Medical Complex, Abid Majeed Road, Rawalpindi","Ent Specialist, Ent Surgeon, Ent Specialist"
Prof. Dr. Tallat Najeeb,ISLAMABAD,"Ent Surgeon, Ent Specialist","Maroof International Hospital, F-10/3 Markaz, Islamabad","Ent Surgeon, Ent Specialist"
Dr. Riaz Khan,ISLAMABAD,Ent Specialist,"Begum Jan Hospital, Tramari, Islamabad",Ent Specialist
Dr. Wajih Ud Din Shinwari,ISLAMABAD,"Ent Surgeon, Ent Specialist","Islamabad ENT Clinic, fazle haq, Islamabad","Ent Surgeon, Ent Specialist"
Dr. Junaid Shahzad,ISLAMABAD,"Ent Surgeon, Ent Surgeon","Advanced International Hospital, G-8 Markaz, Islamabad","Ent Surgeon, Ent Surgeon"
Dr. Sanam Saqib,ISLAMABAD,Ent Specialist,"Fatima Hospital, koral interchange, Islamabad",Ent Specialist
Dr. Muhammad Imran Malik,ISLAMABAD,Ent Specialist,"Shaafi International Hospital, PWD Town, Islamabad",Ent Specialist
Dr. Saif Ullah Khan,ISLAMABAD,Ent Specialist,"Hashmi Medical &amp; ICSI Centre, G-11 Markaz, Islamabad",Ent Specialist
Prof. Dr. Sayed Nusrat Raza,ISLAMABAD,Ent Specialist,"Fauji Foundation Hospital, Main Jhelum Road, Rawalpindi",Ent Specialist
Dr. Abid Niazi,ISLAMABAD,Ent Specialist,"Sarf Hospital, F-10, Islamabad",Ent Specialist
Dr. Yasir Khan,ISLAMABAD,Ent Specialist,"Clinics and Diagnostics Hospital, G-13, Islamabad",Ent Specialist
Assoc. Prof. Dr. Sadaf Raffat,ISLAMABAD,Ent Specialist,No Address Available,Ent Specialist
Dr. Lt Col R Shahzad Saeed,ISLAMABAD,"Eye Surgeon, Eye Specialist","Islamabad Eye Center, Islamabad, Blue Area G-7, Islamabad","Eye Surgeon, Eye Specialist"
Dr. Muhammad Siddique,ISLAMABAD,Eye Surgeon,"Munawar Memorial Hospital, Chakwal, Chakwal",Eye Surgeon
Dr. Muhammad Amjad,ISLAMABAD,Eye Surgeon,"Alshifa eye clinics, Blue Area, Islamabad",Eye Surgeon
Prof. Dr. Salahuddin Ahmad,ISLAMABAD,Eye Surgeon,"Ishaq Eye Hospital, Bahria Town, Islamabad",Eye Surgeon
Assoc. Prof. Dr. Ayyaz Hussain Awan,ISLAMABAD,Eye Specialist,"South East Hospital,, (Opposite Police station Defence A on Ghazi road), Islamabad",Eye Specialist
Assoc. Prof. Dr. Surgeon Waqar Ahmad,ISLAMABAD,Eye Surgeon,"Dr Waqar Ahmad Eye Clinic, G-7, Islamabad",Eye Surgeon
Dr. Ali Gohar,ISLAMABAD,Eye Surgeon,"Naqaish Medicare, I-8, Islamabad",Eye Surgeon
Asst. Prof. Dr. Muhammad Usman Arshad,ISLAMABAD,Eye Surgeon,"South East Hospital,, (Opposite Police station Defence A on Ghazi road), Islamabad",Eye Surgeon
Assoc. Prof. Dr. Farrah Islam,ISLAMABAD,Eye Surgeon,"Islam Eye Centre and Medicare, pakland plaza, Islamabad",Eye Surgeon
Dr. Tahir Farooq,ISLAMABAD,Eye Surgeon,"Premium Internationl Hospital, G8 Markaz, Islamabad",Eye Surgeon
Prof. Dr. Yasin Durrani,ISLAMABAD,Eye Surgeon,"Maroof International Hospital, F-10/3 Markaz, Islamabad",Eye Surgeon
Dr. Muhammad Naqaish Sadiq,ISLAMABAD,Eye Surgeon,"Naqaish Surgery, I-8, Islamabad",Eye Surgeon
Prof. Dr. Inayat Ullah Khan,ISLAMABAD,Neuro Surgeon,"Kulsum International Hospital, Blue Area G-7, Islamabad",Neuro Surgeon
Prof. Dr. Sajid Nazir Bhatti,ISLAMABAD,Neuro Surgeon,"Maxhealth Hospital, 12-K Markaz Rd, G-8, Islamabad",Neuro Surgeon
Assoc. Prof. Dr. Riaz Ur Rehman,ISLAMABAD,Neuro Surgeon,"Saeed International Hospital, G-8 Markaz, Islamabad",Neuro Surgeon
Dr. Muhammad Abbas Khan,ISLAMABAD,Neuro Surgeon,"Dr Atta Khan Hospital and Pharmacy, Airport Housing Society, Rawalpindi",Neuro Surgeon
Dr. Alamgir Khan,ISLAMABAD,Neuro Surgeon,"Islamabad Specialist Clinic F8 Markaz, Sector F, Islamabad",Neuro Surgeon
Dr. Asim Shahzad,ISLAMABAD,Neuro Surgeon,"Care+ Medical Center, G-8 Markaz, Islamabad",Neuro Surgeon
Dr. Wasim Anwer Mir,ISLAMABAD,Neuro Surgeon,"Capital Diagnostic Centre, G-8, Islamabad",Neuro Surgeon
Dr. Muhammad Farooq Sherzada,ISLAMABAD,Neuro Surgeon,"Quaid-E-Azam International Hospital, Main Peshawar Road, Islamabad",Neuro Surgeon
Prof. Dr. Syed Naeem Haider,ISLAMABAD,Neuro Surgeon,"Capital Diagnostic Centre (Blue Area), Blue Area G-7, Islamabad",Neuro Surgeon
Dr. Sohaib Azhar,ISLAMABAD,Neuro Surgeon,"Health Care Center, Faisal Town, Islamabad",Neuro Surgeon
Dr. Muhib Ur Rehman,ISLAMABAD,Neuro Surgeon,"Capital Diagnostic Centre (Blue Area), Blue Area G-7, Islamabad",Neuro Surgeon
Dr. Niaz Ahmad Khan,ISLAMABAD,Neuro Surgeon,"HM Diagnostic Center, G-8, Islamabad",Neuro Surgeon
Dr. Zafar Ahmed,KARACHI,Dermatologist,"Skin Laser &amp; Cosmetology Center, Saddar, Karachi",Dermatologist
Dr. Ibnat Islam,KARACHI,Dermatologist,"Fatima Dental and Skin Care, Gulzar E Hijri Scheme 33, Karachi",Dermatologist
Dr. Khurram Mushir,KARACHI,Dermatologist,"Dr Aisha Health Vision Hospital, Bahadarabad, Karachi",Dermatologist
Dr. Nosheen Waheed,KARACHI,"Dermatologist, Cosmetologist, Aesthetic Physician","Darul Sehat Hospital, Gulistan-e-Jauhar - Block 4A, Karachi","Dermatologist, Cosmetologist, Aesthetic Physician"
Dr. Summaya Jamal,KARACHI,Dermatologist,"Imam Clinic, North Nazimabad, Karachi",Dermatologist
Dr. Warda Amin Shaikh,KARACHI,General Practitioner,"The Derm and Dental clinic, Gulshan e Iqbal, Karachi",General Practitioner
Dr. Syed Muhammad Rizwan,KARACHI,Dermatologist,"Darul Shifa Skin Center &amp; General Clinic, North Nazimabad, Karachi",Dermatologist
Dr. Naeem Iqbal,KARACHI,Dermatologist,"Lifeline Hospital, North Nazimabad, Karachi",Dermatologist
Dr. Anita Kazi,KARACHI,Dermatologist,"Doctors Plaza, The Plaza Hospital, Do Talwar, Karachi",Dermatologist
Dr. Zain Latif,KARACHI,Dermatologist,"Wellcare skin and hair transplant center, Karachi, Karachi",Dermatologist
Dr. Brig Rtd Ajmal Rashid,KARACHI,"Dermatologist, Dermatologist","Health Icon Medical And Diagnostic Centre, Gulshan e Iqbal, Karachi","Dermatologist, Dermatologist"
Dr. Kinza Hussain,KARACHI,Dermatologist,"Darul Sehat Hospital, Gulistan-e-Jauhar - Block 4A, Karachi",Dermatologist
Prof. Dr. Arif Herekar,KARACHI,Neurologist,"Hilal-E-Ahmar House Hospital, Clifton, Karachi",Neurologist
Dr. Kanwal,KARACHI,Neurologist,No Address Available,Neurologist
Dr. Abdul Lateef Mian,KARACHI,Neurologist,"Anklesaria Hospital, Preedy Quarters Karachi, Karachi",Neurologist
Dr. Shahid Mustafa,KARACHI,Neurologist,"Neuro Care Clinic, PECHS, Karachi",Neurologist
Dr. Muhammad Owais Hashmat,KARACHI,Neurologist,"Mamji Hospital, F.B Area, Karachi",Neurologist
Dr. Wajid Jawaid,KARACHI,Neurologist,"Saifee Hospital, North Nazimabad, Karachi",Neurologist
Dr. Mustafa Ali Raza,KARACHI,Neurologist,"Dr Mulazim Hussain Soomro Clinic, Bahawalpur City, Bahawalpur",Neurologist
Asst. Prof. Dr. Shazia Jatoi,KARACHI,Neurologist,"Medicare Hospital, Bahadarabad, Karachi",Neurologist
Dr. Neeraj Kumar,KARACHI,Neurologist,No Address Available,Neurologist
Dr. Inder Kumar Chughwani,KARACHI,Neurologist,"Taj Medical Complex Hospital Room 14, Sadar, Karachi",Neurologist
Dr. Dileep Kumaar,KARACHI,Neurologist,"Doctors Plaza, The Plaza Hospital, Do Talwar, Karachi",Neurologist
Dr. Muhammad Rizwan Sheikh,KARACHI,Neurologist,"Al-Rafia Medical and Dental Clinic, Bahadarabad, Karachi",Neurologist
Asst. Prof. Dr. Erum Memon,KARACHI,Gynecologist,"Al-Mustafa Medical Centre, Gulshan e Iqbal, Karachi",Gynecologist
Dr. Bhawna,KARACHI,Gynecologist,"Aafiyah Family Health Clinics, Clifton, Karachi",Gynecologist
Dr. Nazifa Mubashir,KARACHI,Gynecologist,"South City Hospital, Clifton, Karachi",Gynecologist
Dr. Azra Shamsi,KARACHI,Gynecologist,"United Hospital, PECHS, Karachi",Gynecologist
Dr. Nadia Nawaz,KARACHI,Gynecologist,"Mamji Hospital, F.B Area, Karachi",Gynecologist
Dr. Shabeen Naz Masood,KARACHI,Gynecologist,"Medicare Cardiac &amp; General Hospital, Bahadarabad, Karachi",Gynecologist
Dr. Eruj Saleem,KARACHI,Gynecologist,No Address Available,Gynecologist
Dr. Kanwal Zehra Zaidi,KARACHI,Gynecologist,"Altamash General Hospital, Clifton, Karachi",Gynecologist
Assoc. Prof. Dr. Nasreen Fatima,KARACHI,Gynecologist,"Park Lane Hospital, Clifton, Karachi",Gynecologist
Dr. Summiya Manzoor,KARACHI,Gynecologist,"Usman Memorial Hospital, F.B Area, Karachi",Gynecologist
Dr. Shahida Shahid,KARACHI,Gynecologist,"CBM Health Center, Malir, Karachi",Gynecologist
Asst. Prof. Dr. Sajida Imran,KARACHI,Gynecologist,"Altamash General Hospital, Clifton, Karachi",Gynecologist
Dr. Muhammad Shoaib Mithani,KARACHI,"Urologist, Sexologist, Andrologist","The Kidney Centre, Cantt, Karachi","Urologist, Sexologist, Andrologist"
Dr. Muhammad Imran Malik,KARACHI,Urologist,"Karachi Adventist Hospital, Saddar, Karachi",Urologist
Prof. Dr. Shahzad Ali,KARACHI,"Urologist, Sexologist, Andrologist","NCCI Hospital, Saddar, Karachi","Urologist, Sexologist, Andrologist"
Dr. Sana Hussain,KARACHI,Urologist,"Rims Clinics, Sharafabad, Karachi",Urologist
Dr. Feroze Ahmed Mahar,KARACHI,Urologist,"Midcity Hospital, Hassan Square, Karachi",Urologist
Dr. Sharjeel Saulat,KARACHI,Urologist,"DHA Clinic, DHA City Karachi, Karachi",Urologist
Dr. Irfan Ullah,KARACHI,Urologist,No Address Available,Urologist
Dr. Rashid Abbas,KARACHI,"Urologist, Sexologist, Andrologist","South City Hospital, Clifton, Karachi","Urologist, Sexologist, Andrologist"
Asst. Prof. Dr. Fakhir Yousuf,KARACHI,Urologist,"Taj Medical Complex Hospital, Saddar, Karachi",Urologist
Dr. Shahid Hussain,KARACHI,Urologist,"Ibn-E-Seena Hospital, Gulshan-e-Iqbal, Karachi",Urologist
Dr. Suhail Dilawar,KARACHI,Urologist,"United Hospital, PECHS, Karachi",Urologist
Dr. Agha Ghulam Mustafa,KARACHI,"Urologist, Sexologist, Andrologist","South City Hospital, Clifton, Karachi","Urologist, Sexologist, Andrologist"
Prof. Dr. Muhammad Noman Rashid,KARACHI,Gastroenterologist,"Al Taj diagnostic &amp; Consultant Clinics, Saddar, Karachi",Gastroenterologist
Dr. Rajesh Bansari,KARACHI,"Gastroenterologist, General Physician, Internal Medicine Specialist, Pediatric Gastroenterologist, Hepatologist","Hadeed Orthopaedic &amp; General Hospital, Gulshan Hadeed, Karachi","Gastroenterologist, General Physician, Internal Medicine Specialist, Pediatric Gastroenterologist, Hepatologist"
Dr. Abdullah Bin Khalid,KARACHI,Gastroenterologist,"Liver and Gastro Clinic, Gulshan e Iqbal block 3, Karachi",Gastroenterologist
Prof. Dr. Ghulam Ali Mundrawala,KARACHI,"Gastroenterologist, General Physician","Anklesaria Hospital, Preedy Quarters Karachi, Karachi","Gastroenterologist, General Physician"
Dr. Ali Haroon,KARACHI,Gastroenterologist,"Haji Rang Elahi Eye &amp; General Hospital, Block 4 Gulshan-e-Iqbal, Karachi",Gastroenterologist
Dr. Muhammad Ali Khan,KARACHI,Gastroenterologist,No Address Available,Gastroenterologist
Dr. Hanisha Khemani,KARACHI,Gastroenterologist,"Altamash General Hospital, Clifton, Karachi",Gastroenterologist
Dr. Syed Ahsan Ali,KARACHI,Gastroenterologist,"Mamji Hospital, F.B Area, Karachi",Gastroenterologist
Asst. Prof. Dr. Asma Bandhani,KARACHI,Gastroenterologist,"Medicare Cardiac &amp; General Hospital, Bahadarabad, Karachi",Gastroenterologist
Asst. Prof. Dr. Muhammad Tayyab Usmani,KARACHI,Gastroenterologist,"Taj Medical Complex Hospital, Saddar, Karachi",Gastroenterologist
Dr. Muhammad Tanweer Khalid,KARACHI,Gastroenterologist,"Mamji Hospital, F.B Area, Karachi",Gastroenterologist
Asst. Prof. Dr. Faisal Mohammed Aslam,KARACHI,"Internal Medicine Specialist, Gastroenterologist","Liver and Gastro Clinic, Gulshan e Iqbal block 3, Karachi","Internal Medicine Specialist, Gastroenterologist"
Dr. Zahid Hussain,KARACHI,Pulmonologist / Lung Specialist,"Saifee Hospital, North Nazimabad, Karachi",Pulmonologist / Lung Specialist
Dr. Asif Osawala,KARACHI,Pulmonologist / Lung Specialist,"Hillpark General Hospital, Bahadarabad, Karachi",Pulmonologist / Lung Specialist
Asst. Prof. Dr. Syed Tabish Rehman,KARACHI,Pulmonologist / Lung Specialist,"Patel Hospital, Gulshan e Iqbal, Karachi",Pulmonologist / Lung Specialist
Dr. Muhammad Taufiq,KARACHI,Pulmonologist / Lung Specialist,"Taj Medical Complex Hospital, Saddar, Karachi",Pulmonologist / Lung Specialist
Assoc. Prof. Dr. Zafar Ahmed,KARACHI,Pulmonologist / Lung Specialist,"Patel Hospital, Gulshan e Iqbal, Karachi",Pulmonologist / Lung Specialist
Dr. Aneel Kumar,KARACHI,Pulmonologist / Lung Specialist,"Altamash General Hospital, Clifton, Karachi",Pulmonologist / Lung Specialist
Dr. Maleeha Ayaz,KARACHI,Pulmonologist / Lung Specialist,No Address Available,Pulmonologist / Lung Specialist
Dr. Saifullah,KARACHI,Pulmonologist / Lung Specialist,"RIMS Trauma Hospital, Block 6 PECHS, Karachi",Pulmonologist / Lung Specialist
Dr. Muhammad Hasan,KARACHI,Pulmonologist / Lung Specialist,"Rahat Medical Center, DHA City Karachi, Karachi",Pulmonologist / Lung Specialist
Dr. Syeda Saba Bukhari,KARACHI,Pulmonologist / Lung Specialist,No Address Available,Pulmonologist / Lung Specialist
Dr. Gul Afshan Razi,KARACHI,Pulmonologist / Lung Specialist,"Imam Clinic, North Nazimabad, Karachi",Pulmonologist / Lung Specialist
Dr. Shahid Butt,KARACHI,Pulmonologist / Lung Specialist,"Al Mumtaz Medical Complex Hospital, Malir, Karachi",Pulmonologist / Lung Specialist
Dr. Ambreen Farhan,KARACHI,Orthopedic Surgeon,"Burhani Hospital, New Chali, Karachi",Orthopedic Surgeon
Dr. Shohab Hyder Shaikh,KARACHI,Orthopedic Surgeon,"Najeeb Medical Complex, Sakrand road, Nawabshah",Orthopedic Surgeon
Prof. Dr. Ali Ahmad,KARACHI,Orthopedic Surgeon,"Halim Hospital, North Nazimabad, Karachi",Orthopedic Surgeon
Dr. Suresh Kumar,KARACHI,Orthopedic Surgeon,"Al Mumtaz Medical Complex Hospital, Malir, Karachi",Orthopedic Surgeon
Asst. Prof. Dr. Faheem Ahmed,KARACHI,Orthopedic Surgeon,"Al Mumtaz Medical Complex Hospital, Malir, Karachi",Orthopedic Surgeon
Dr. Yasir Mustafa Khan,KARACHI,Orthopedic Surgeon,"YK Orthopedics, DHA phase 5, Karachi",Orthopedic Surgeon
Dr. Zohaib Nawaz,KARACHI,Orthopedic Surgeon,"Darul Sehat Hospital, Gulistan-e-Jauhar - Block 4A, Karachi",Orthopedic Surgeon
Asst. Prof. Dr. Pervez Ali,KARACHI,"Orthopedic Surgeon, Pediatric Orthopedic Surgeon","NMI (Neurospinal &amp; Cancer Care Institute), Saddar, Karachi","Orthopedic Surgeon, Pediatric Orthopedic Surgeon"
Dr. Kashif Mahmood Khan,KARACHI,Orthopedic Surgeon,"GMT Diagnostic Centre, Saddar, Karachi",Orthopedic Surgeon
Dr. Muhammad Latif,KARACHI,Orthopedic Surgeon,"Fidai Consultant Clinic &amp; Surgery Centre, F.B Area, Karachi",Orthopedic Surgeon
Prof. Dr. Hassan Dost Afridi,KARACHI,Orthopedic Surgeon,"Pak International Hospital, DHA City Karachi, Karachi",Orthopedic Surgeon
Assoc. Prof. Dr. Syed Danish Ali,KARACHI,Orthopedic Surgeon,"Lifeline Hospital, North Nazimabad, Karachi",Orthopedic Surgeon
Dr. Maryam Rafique,KARACHI,Pediatrician,No Address Available,Pediatrician
Dr. Mushtaq Ahmed,KARACHI,Pediatrician,"Child Care Clinic, near yadgar fish, Karachi",Pediatrician
Dr. Summera Mehdi,KARACHI,Pediatrician,"DR SUMMERAS CLINIC, Gulshan e Maymar, Karachi",Pediatrician
Dr. Mahwish Nadir,KARACHI,Pediatrician,No Address Available,Pediatrician
Dr. Omperkash Khemani,KARACHI,Pediatrician,"Hilal-E-Ahmar House Hospital, Clifton, Karachi",Pediatrician
Dr. Saad Ullah,KARACHI,Pediatrician,"Meri Sehat Healthcare Hub, Malir, Karachi",Pediatrician
Dr. Muhammad Moin Ashraf,KARACHI,Pediatrician,"Cbc Ilaj Hospital, DHA City Karachi, Karachi",Pediatrician
Dr. Irsa Islam,KARACHI,Pediatrician,"NK Consultant Clinic, Federal B, Karachi",Pediatrician
Dr. Mian Muhammad Abubakar Siddique,KARACHI,Pediatrician,"Shamsi Hospital Karachi, Malir, Karachi",Pediatrician
Dr. Sadaf Asim,KARACHI,"Pediatrician, Pediatric Nephrologist",No Address Available,"Pediatrician, Pediatric Nephrologist"
Dr. Haji Saleem,KARACHI,Pediatrician,"Hashmanis Hospital - M A Jinnah Road, Jacob Lines, Karachi",Pediatrician
Dr. Syed Ashraf Imam,KARACHI,Pediatrician,"SHED Homes Complex &amp; Hospital, North Karachi, Karachi",Pediatrician
Dr. Saba Siddiqui,KARACHI,General Physician,"Soha Medical &amp; Dental Center, Gulistan e Johar, Karachi",General Physician
Prof. Dr. Akhtar Memon,KARACHI,General Physician,"Taj Medical Complex Hospital, Saddar, Karachi",General Physician
Dr. Rajesh Bansari,KARACHI,"Gastroenterologist, General Physician, Internal Medicine Specialist, Pediatric Gastroenterologist, Hepatologist","Hadeed Orthopaedic &amp; General Hospital, Gulshan Hadeed, Karachi","Gastroenterologist, General Physician, Internal Medicine Specialist, Pediatric Gastroenterologist, Hepatologist"
Prof. Dr. Ghulam Ali Mundrawala,KARACHI,"Gastroenterologist, General Physician","Anklesaria Hospital, Preedy Quarters Karachi, Karachi","Gastroenterologist, General Physician"
Prof. Dr. Ajeet Kumar,KARACHI,General Physician,"Medicare Cardiac &amp; General Hospital, Bahadarabad, Karachi",General Physician
Dr. Ameet Kumar,KARACHI,General Physician,"Liaquat National Hospital, Gulshan e Iqbal, Karachi",General Physician
Dr. Aijaz Ahmed,KARACHI,General Physician,"Chugtai Lab &amp; Clinic, Gulistan e Johar, Karachi",General Physician
Dr. Shumyla Khan,KARACHI,General Physician,"Meri Sehat Healthcare Hub, Malir, Karachi",General Physician
Dr. Fatima Siddiqui,KARACHI,General Physician,No Address Available,General Physician
Dr. Faizan Khalid,KARACHI,"Regenerative Medicine Specialist, General Physician","Hash Clinics - Skin Care &amp; Aesthetics, korangi, Karachi","Regenerative Medicine Specialist, General Physician"
Dr. Areeba Rehman,KARACHI,General Physician,"Allied Specialist Clinics, , Manshera Road, Abbottabad, Abbottabad",General Physician
Dr. Uzma Ambreen,KARACHI,General Physician,No Address Available,General Physician
Asst. Prof. Dr. Muhammad Tassaduq Khan,KARACHI,Nephrologist,"Health Icon Medical And Diagnostic Centre, Gulshan e Iqbal, Karachi",Nephrologist
Prof. Dr. Iffat Hameed Yazdani,KARACHI,Nephrologist,"Clifton Kidney &amp; General Hospital, Clifton, Karachi",Nephrologist
Dr. Anita Haroon,KARACHI,"Nephrologist, Internal Medicine Specialist","Saifee Hospital, North Nazimabad, Karachi","Nephrologist, Internal Medicine Specialist"
Dr. Muhammad Usman Noor,KARACHI,Nephrologist,"Mamji Hospital, F.B Area, Karachi",Nephrologist
Dr. Mahjabeen Yaseen,KARACHI,Nephrologist,"Modern Hospital, Gulshan e Iqbal, Karachi",Nephrologist
Dr. Mehdi Hussain,KARACHI,Nephrologist,No Address Available,Nephrologist
Dr. Ruqaya Qureshi,KARACHI,Nephrologist,"The Kidney Cntre, raffique shaheed road, Karachi",Nephrologist
Dr. Najia Hameed,KARACHI,Nephrologist,"THE KIDNEY CENTRE POSTGRADUATE INSTITUTE, Gulshan-e-Iqbal, Karachi",Nephrologist
Dr. Wajeeha Elahi,KARACHI,Nephrologist,"Hashmanis Hospital - M A Jinnah Road, Jacob Lines, Karachi",Nephrologist
Dr. Rizwan Munir,KARACHI,Nephrologist,No Address Available,Nephrologist
Dr. Farya Moon,KARACHI,Nephrologist,No Address Available,Nephrologist
Dr. Ashfaq Qureshi,KARACHI,"Internal Medicine Specialist, General Physician, Nephrologist",No Address Available,"Internal Medicine Specialist, General Physician, Nephrologist"
Dr. Muhammad Shoaib Mithani,KARACHI,"Urologist, Sexologist, Andrologist","The Kidney Centre, Cantt, Karachi","Urologist, Sexologist, Andrologist"
Dr. Aslam Naveed,KARACHI,"Sexologist, Sexologist","Dr Aslam Naveed Mens Care Clinics, Shaheed e Millat Road, Karachi","Sexologist, Sexologist"
Prof. Dr. Shahzad Ali,KARACHI,"Urologist, Sexologist, Andrologist","Omi Hospital - Saddar, Depot Lines, Saddar, Karachi","Urologist, Sexologist, Andrologist"
Dr. Rashid Abbas,KARACHI,"Urologist, Sexologist, Andrologist","South City Hospital, Clifton, Karachi","Urologist, Sexologist, Andrologist"
Dr. Agha Ghulam Mustafa,KARACHI,"Urologist, Sexologist, Andrologist","South City Hospital, Clifton, Karachi","Urologist, Sexologist, Andrologist"
Prof. Dr. Javaid Aqeel Rajput,KARACHI,"Urologist, Sexologist, Andrologist","Karachi Medical Complex Consultants Clinic, Gulshan e Iqbal, Karachi","Urologist, Sexologist, Andrologist"
Dr. Muhammad Mansoor,KARACHI,"Urologist, General Surgeon, Sexologist, Andrologist","Hashmanis Hospital - M A Jinnah Road, Jacob Lines, Karachi","Urologist, General Surgeon, Sexologist, Andrologist"
Dr. Owais Khawar,KARACHI,"Andrologist, Sexologist",No Address Available,"Andrologist, Sexologist"
Dr. Ali Haider Khowaja,KARACHI,"Urologist, Sexologist, Andrologist",No Address Available,"Urologist, Sexologist, Andrologist"
Dr. Naresh Kumar Valecha,KARACHI,"Urologist, Sexologist, Andrologist","RIMS Trauma Hospital, Block 6 PECHS, Karachi","Urologist, Sexologist, Andrologist"
Dr. M Murtaza,KARACHI,"Urologist, Sexologist, Laparoscopic Surgeon, Andrologist, Pediatric Urologist","Western Clinic, DHA Phase 8, Karachi","Urologist, Sexologist, Laparoscopic Surgeon, Andrologist, Pediatric Urologist"
Dr. Tanveer Ahmed,KARACHI,"Urologist, Andrologist, Sexologist","Hilal-E-Ahmar House Hospital, Clifton, Karachi","Urologist, Andrologist, Sexologist"
Dr. Badarul Kalam,KARACHI,Ent Specialist,"CBM Health Center, Malir, Karachi",Ent Specialist
Dr. Rehana Babar,KARACHI,Ent Specialist,No Address Available,Ent Specialist
Dr. Ashok Kumar Raheja,KARACHI,Ent Specialist,"Hilal-E-Ahmar House Hospital, Clifton, Karachi",Ent Specialist
Dr. Muhammad Akram,KARACHI,Ent Specialist,"Hashmanis Hospital - M A Jinnah Road, Jacob Lines, Karachi",Ent Specialist
Asst. Prof. Dr. Irfan Ahmed Shaikh,KARACHI,Ent Specialist,"Pak International Hospital, DHA City Karachi, Karachi",Ent Specialist
Dr. Mehfooz Ur Rehman Sahito,KARACHI,Ent Specialist,"Mehran Health &amp; Care Clinic, Badar Commercial Area Defence V DHA, Karachi",Ent Specialist
Dr. Hasnain Dilawar,KARACHI,"Endocrinologist, Ent Specialist",No Address Available,"Endocrinologist, Ent Specialist"
Dr. Capt R S A Qureshi,KARACHI,Ent Specialist,No Address Available,Ent Specialist
Dr. Muhammad Paras Naseem,KARACHI,Ent Specialist,"Mumtaz Hospital, North Nazimabad, Karachi",Ent Specialist
Assoc. Prof. Dr. Salman Baig,KARACHI,Ent Specialist,"K-Health Care Hospital, Off Shahrah-e-Faisal, Karachi",Ent Specialist
Dr. Tariq Qazi,KARACHI,Ent Specialist,"Dr Rukhsana Tariq Clinic, Clifton, Karachi",Ent Specialist
Dr. Noor Sheikh,KARACHI,"Ent Surgeon, Ent Specialist","Hilal-E-Ahmar House Hospital, Clifton, Karachi","Ent Surgeon, Ent Specialist"
Dr. Abdul Sattar Memon,KARACHI,"Eye Surgeon, Eye Specialist","Taj medical complex Room 13, Karachi, Karachi","Eye Surgeon, Eye Specialist"
Prof. Dr. Aurangzeb Shaikh,KARACHI,"Eye Surgeon, Eye Specialist, Eye Surgeon","Doctor Plaza (3rd floor room 308), Clifton - Block 9, Karachi","Eye Surgeon, Eye Specialist, Eye Surgeon"
Dr. Vijay Dembra,KARACHI,"Eye Specialist, Eye Surgeon","Medicare Cardiac &amp; General Hospital, Bahadarabad, Karachi","Eye Specialist, Eye Surgeon"
Prof. Dr. Zeeshan Kamil,KARACHI,"Eye Surgeon, Eye Specialist","Zubi Eye &amp; Oculoplastic Clinic, Saddar, Karachi","Eye Surgeon, Eye Specialist"
Dr. Fatima Akbar Shah,KARACHI,Eye Surgeon,No Address Available,Eye Surgeon
Dr. Rizwan Rasheed,KARACHI,Eye Surgeon,"BHY hospital, Dehli Colony, Karachi",Eye Surgeon
Dr. Waseem Farooqui,KARACHI,Eye Surgeon,"Fizza Eye Care Center, Gulshan e Iqbal, karachi, Karachi",Eye Surgeon
Dr. Muhammad Adnan,KARACHI,"Eye Surgeon, Eye Specialist","Vision Care Eye Clinic, Clifton, Karachi","Eye Surgeon, Eye Specialist"
Dr. Syed Muhammad Saad,KARACHI,"Eye Surgeon, Eye Specialist","Zubaida Medical Centre, Dharoji, Karachi","Eye Surgeon, Eye Specialist"
Dr. Waheed Ahmed Shaikh,KARACHI,Eye Surgeon,"Defence Eye Clinic, DHA Phase 1, Karachi",Eye Surgeon
Dr. Zahid Abbasi,KARACHI,Eye Surgeon,No Address Available,Eye Surgeon
Dr. Murad Mustafa,KARACHI,Eye Surgeon,"AlKhaleej Clinics, Bahadarabad, Karachi",Eye Surgeon
Dr. Irfan Ali Shah,KARACHI,Neuro Surgeon,"City Hospital, Saadi Town, Karachi",Neuro Surgeon
Dr. Faizyab Ahmed,KARACHI,Neuro Surgeon,"Zubaida Medical Centre, Dharoji, Karachi",Neuro Surgeon
Asst. Prof. Dr. Muhammad Muzaffer Uddin,KARACHI,Neuro Surgeon,"Mamji Hospital, F.B Area, Karachi",Neuro Surgeon
Dr. Farhan Gulzar,KARACHI,Neuro Surgeon,"Memon Medical Institute Hospital, Safoora Chowrangi, Karachi",Neuro Surgeon
Dr. Muhammad Anwar Tanoli,KARACHI,Neuro Surgeon,"Pak International Hospital, DHA City Karachi, Karachi",Neuro Surgeon
Dr. Asjad Qureshi,KARACHI,Neuro Surgeon,No Address Available,Neuro Surgeon
Dr. Usamah Bin Waheed,KARACHI,Neuro Surgeon,"Hillpark General Hospital, Bahadarabad, Karachi",Neuro Surgeon
Dr. Muhammad Sameer Khulsai,KARACHI,Neuro Surgeon,"Ashfaq Memorial Hospital, Gulshan e Iqbal, Karachi",Neuro Surgeon
Dr. Zulqarnain Anis,KARACHI,Neuro Surgeon,"The Modern Hospital, Main University Road, Karachi",Neuro Surgeon
Assoc. Prof. Dr. Iram Bokhari,KARACHI,Neuro Surgeon,"Hillpark General Hospital, Bahadarabad, Karachi",Neuro Surgeon
Dr. Sidra Khan,KARACHI,Neuro Surgeon,No Address Available,Neuro Surgeon
Dr. Aurangzeb Abbassi,KARACHI,Neuro Surgeon,"Pak International Hospital, DHA City Karachi, Karachi",Neuro Surgeon
